assets/001.ak47/001_0226.jpg,ak47,23911,150280,2909,0,0,0,0,0,0,0,0,0,0,0,0,0,0,0,0,0,0,0,0,0,0,0,0,0,0,0,0,0,0,0,0,0,0,0,0,0,0,0,0,0,0,0,0,0,0,0,0,0,0,0,0,0,0,0,0,0,0,0,0,0,0,0,0,0,0,0,0,0,0,0,0,0,0,0,0,0
assets/001.ak47/001_0117.jpg,ak47,8883,37261,309050,2979,22329,29,133,2,0,251,2196,836,128,500,65,32,2,0,1275,3757,2463,128,3,0,23,0,0,736,2702,3384,98,1,0,78,0,0,804,2166,15120,403,91,0,58,0,0,2940,17443,37222,596,41,0,45,0,0,76,401,312,29,0,0,4,0,0,102,385,885,51,0,0,2,0,0,0,0,0,0,0,0,0,0
assets/001.ak47/001_0102.jpg,ak47,2110,3413,89041,1339,3998,6425,250,962,425,26,186,1259,20,13,191,14,0,0,21,99,2753,1,0,0,2,0,0,25,654,4686,0,0,0,0,0,0,7,164,9154,3,0,0,0,0,0,1395,3457,20916,414,13,0,185,0,0,1162,946,477,429,2,0,63,0,0,2389,922,1186,1334,1,0,148,0,0,0,0,0,0,0,0,0,0
assets/001.ak47/001_0221.jpg,ak47,283111,12630,47,0,0,0,0,0,0,0,0,0,0,0,0,0,0,0,0,0,0,0,0,0,0,0,0,0,0,0,0,0,0,0,0,0,0,0,0,0,0,0,0,0,0,0,0,0,0,0,0,0,0,0,0,0,0,0,0,0,0,0,0,0,0,0,0,0,0,0,0,0,0,0,0,0,0,0,0,0
assets/001.ak47/001_0258.jpg,ak47,73010,27429,4457,0,0,0,0,0,0,0,0,0,0,0,0,0,0,0,0,0,0,0,0,0,0,0,0,0,0,0,0,0,0,0,0,0,0,0,0,0,0,0,0,0,0,0,0,0,0,0,0,0,0,0,0,0,0,0,0,0,0,0,0,0,0,0,0,0,0,0,0,0,0,0,0,0,0,0,0,0
assets/001.ak47/001_0144.jpg,ak47,42,737,17866,45,91,0,123,215,0,18,34,78,97,1084,22,181,2986,1,46,83,205,66,146,0,36,29,0,99,541,514,60,17,0,35,0,0,254,405,4603,349,2137,0,125,0,0,1221,2184,11052,2711,21890,0,664,0,0,12,22,74,25,0,0,2,0,0,8,0,57,15,0,0,1,0,0,0,0,0,0,0,0,0,0
assets/001.ak47/001_0120.jpg,ak47,19806,42918,62712,7927,7692,44,1935,770,0,9997,23987,6784,10866,16900,619,2154,2132,2,31716,38538,12855,12926,9555,809,873,616,1,21422,16427,5739,4408,674,0,504,0,0,1823,8368,14461,435,1,0,67,0,0,25226,40991,57120,30373,2522,41,8854,0,0,1615,1088,633,345,0,0,66,0,0,430,893,471,195,6,0,40,0,0,0,0,0,0,0,0,0,0
assets/001.ak47/001_0017.jpg,ak47,46,937,16712,31,294,676,3,14,0,20,567,695,8,351,457,0,16,0,25,635,1176,5,14,3,0,0,0,2,50,546,0,0,0,0,0,0,0,1,336,0,0,0,0,0,0,8,27,689,1,0,0,0,0,0,0,0,115,0,0,0,0,0,0,0,0,240,0,0,0,0,0,0,0,0,0,0,0,0,0,0
assets/001.ak47/001_0093.jpg,ak47,193,2181,28095,348,420,13,170,1,0,1,256,275,2,1691,27,0,2,0,3,62,457,0,0,0,0,0,0,4,36,419,0,0,0,0,0,0,0,9,802,0,0,0,0,0,0,3,449,922,0,0,0,1,0,0,10,291,190,6,0,0,4,0,0,14,444,586,9,0,0,4,0,0,0,0,0,0,0,0,0,0
assets/001.ak47/001_0158.jpg,ak47,612,1565,27279,1938,351,0,1712,61,0,380,828,548,1659,320,0,711,2,0,592,728,448,2089,427,0,362,0,0,182,903,1032,194,0,0,79,0,0,25,288,7764,46,0,0,8,0,0,445,2795,89180,628,10,0,195,0,0,99,121,866,95,0,0,8,0,0,39,149,499,110,0,0,32,0,0,0,0,0,0,0,0,0,0
assets/001.ak47/001_0054.jpg,ak47,171,2434,44767,174,70,0,40,0,0,83,411,222,1104,1513,0,394,158,0,147,794,2708,22,3,0,3,0,0,341,736,2904,14,0,0,9,0,0,279,209,480,12,0,0,5,0,0,2805,1512,2328,71,0,0,16,0,0,72,81,158,0,0,0,0,0,0,74,70,105,1,0,0,0,0,0,0,0,0,0,0,0,0,0
assets/001.ak47/001_0234.jpg,ak47,144171,144890,18139,0,0,0,0,0,0,0,0,0,0,0,0,0,0,0,0,0,0,0,0,0,0,0,0,0,0,0,0,0,0,0,0,0,0,0,0,0,0,0,0,0,0,0,0,0,0,0,0,0,0,0,0,0,0,0,0,0,0,0,0,0,0,0,0,0,0,0,0,0,0,0,0,0,0,0,0,0
assets/001.ak47/001_0066.jpg,ak47,71,529,230,453,510,0,164,1459,0,123,24402,64707,5014,11549,6322,638,1821,0,25,472,368,511,542,13,65,0,0,0,8,0,4,0,0,0,0,0,0,0,0,0,0,0,0,0,0,0,0,0,0,0,0,0,0,0,0,0,0,0,0,0,0,0,0,0,0,0,0,0,0,0,0,0,0,0,0,0,0,0,0,0
assets/001.ak47/001_0147.jpg,ak47,1868,42211,73992,3705,0,0,110,0,0,150,208,240,947,0,0,19,0,0,102,592,603,40,0,0,20,0,0,224,1300,1120,55,0,0,46,0,0,79,339,7005,155,0,0,12,0,0,2448,4982,19399,5381,845,0,531,0,0,55,64,111,8,0,0,6,0,0,25,5,73,17,0,0,0,0,0,0,0,0,0,0,0,0,0
assets/001.ak47/001_0193.jpg,ak47,233,4026,20441,0,0,0,0,0,0,0,0,0,0,0,0,0,0,0,0,0,0,0,0,0,0,0,0,0,0,0,0,0,0,0,0,0,0,0,0,0,0,0,0,0,0,0,0,0,0,0,0,0,0,0,0,0,0,0,0,0,0,0,0,0,0,0,0,0,0,0,0,0,0,0,0,0,0,0,0,0
assets/001.ak47/001_0267.jpg,ak47,103077,79136,37987,0,0,0,0,0,0,0,0,0,0,0,0,0,0,0,0,0,0,0,0,0,0,0,0,0,0,0,0,0,0,0,0,0,0,0,0,0,0,0,0,0,0,0,0,0,0,0,0,0,0,0,0,0,0,0,0,0,0,0,0,0,0,0,0,0,0,0,0,0,0,0,0,0,0,0,0,0
assets/001.ak47/001_0225.jpg,ak47,15728,11980,85242,0,0,0,0,0,0,0,0,0,0,0,0,0,0,0,0,0,0,0,0,0,0,0,0,0,0,0,0,0,0,0,0,0,0,0,0,0,0,0,0,0,0,0,0,0,0,0,0,0,0,0,0,0,0,0,0,0,0,0,0,0,0,0,0,0,0,0,0,0,0,0,0,0,0,0,0,0
assets/001.ak47/001_0016.jpg,ak47,6417,6779,65284,0,0,0,0,0,0,0,0,0,0,0,0,0,0,0,0,0,0,0,0,0,0,0,0,0,0,0,0,0,0,0,0,0,0,0,0,0,0,0,0,0,0,0,0,0,0,0,0,0,0,0,0,0,0,0,0,0,0,0,0,0,0,0,0,0,0,0,0,0,0,0,0,0,0,0,0,0
assets/001.ak47/001_0236.jpg,ak47,9817,6423,37379,0,0,0,0,0,0,0,0,0,0,0,0,0,0,0,0,0,0,0,0,0,0,0,0,0,0,0,0,0,0,0,0,0,0,0,0,0,0,0,0,0,0,0,0,0,0,0,0,0,0,0,0,0,0,0,0,0,0,0,0,0,0,0,0,0,0,0,0,0,0,0,0,0,0,0,0,0
assets/001.ak47/001_0233.jpg,ak47,37252,123875,3873,0,0,0,0,0,0,0,0,0,0,0,0,0,0,0,0,0,0,0,0,0,0,0,0,0,0,0,0,0,0,0,0,0,0,0,0,0,0,0,0,0,0,0,0,0,0,0,0,0,0,0,0,0,0,0,0,0,0,0,0,0,0,0,0,0,0,0,0,0,0,0,0,0,0,0,0,0
assets/001.ak47/001_0235.jpg,ak47,17562,51785,50653,0,0,0,0,0,0,0,0,0,0,0,0,0,0,0,0,0,0,0,0,0,0,0,0,0,0,0,0,0,0,0,0,0,0,0,0,0,0,0,0,0,0,0,0,0,0,0,0,0,0,0,0,0,0,0,0,0,0,0,0,0,0,0,0,0,0,0,0,0,0,0,0,0,0,0,0,0
assets/001.ak47/001_0250.jpg,ak47,37469,2999,14,0,0,0,0,0,0,0,0,0,0,0,0,0,0,0,0,0,0,0,0,0,0,0,0,0,0,0,0,0,0,0,0,0,0,0,0,0,0,0,0,0,0,0,0,0,0,0,0,0,0,0,0,0,0,0,0,0,0,0,0,0,0,0,0,0,0,0,0,0,0,0,0,0,0,0,0,0
assets/001.ak47/001_0174.jpg,ak47,101,1361,33947,1279,2126,414,790,3253,497,71,311,743,915,3974,1437,670,1063,2348,181,303,515,1090,2498,71,154,79,3,903,4603,1785,21199,123879,0,47,2,0,52,251,9116,54,0,0,2,0,0,59,2290,22605,28,0,0,2,0,0,10,37,169,5,0,0,0,0,0,23,0,54,10,0,0,1,0,0,0,0,0,0,0,0,0,0
assets/001.ak47/001_0081.jpg,ak47,334,6733,177,794,2784,9,25,102,0,100,4886,938,147,664,2,3,70,0,372,140637,10439,96,54,0,14,2,0,926,2675,67,180,1,0,32,0,0,513,716,1,164,0,0,4,0,0,1095,7021,24,1462,2874,0,39,0,0,20,138,0,1,0,0,0,0,0,17,142,0,4,2,0,0,0,0,0,0,0,0,0,0,0,0
assets/001.ak47/001_0003.jpg,ak47,162,1174,36325,48,57,0,87,4,0,34,385,198,128,1882,0,219,774,0,211,964,1115,78,256,0,18,13,0,1701,3766,1405,697,72,0,214,0,0,500,509,870,85,1,0,21,0,0,234,648,544,65,0,0,37,0,0,15,61,69,2,0,0,0,0,0,2,23,124,3,0,0,0,0,0,0,0,0,0,0,0,0,0
assets/001.ak47/001_0152.jpg,ak47,58,5376,18139,120,187,0,41,4,0,475,7862,1986,1582,2032,0,135,142,0,993,11811,8241,970,2159,0,52,0,0,37,604,1091,32,0,0,0,0,0,2,127,4402,0,0,0,0,0,0,7,1180,11116,0,0,0,0,0,0,6,97,53,0,0,0,0,0,0,2,21,38,0,0,0,0,0,0,0,0,0,0,0,0,0,0
assets/001.ak47/001_0063.jpg,ak47,1054,366,2,2556,3998,0,1826,5506,0,1228,5497,36,7085,28349,2,3515,96766,0,3010,161623,32,7052,2474,0,1382,0,0,780,9597,4,4300,23,0,1241,0,0,218,6452,0,19,12,0,1,0,0,2123,174,0,1084,0,0,1,0,0,287,0,0,131,0,0,0,0,0,94,0,0,100,0,0,0,0,0,0,0,0,0,0,0,0,0
assets/001.ak47/001_0070.jpg,ak47,600,599,766,1971,357,0,1667,75,0,330,744,461,1518,349,0,745,9,0,628,653,96,2095,460,0,408,0,0,148,299,33,194,0,0,86,0,0,18,98,273,44,0,0,18,0,0,448,1016,84074,683,27,0,242,0,0,113,104,791,92,0,0,6,0,0,25,132,467,106,0,0,44,0,0,0,0,0,0,0,0,0,0
assets/001.ak47/001_0261.jpg,ak47,12035,17525,68840,0,0,0,0,0,0,0,0,0,0,0,0,0,0,0,0,0,0,0,0,0,0,0,0,0,0,0,0,0,0,0,0,0,0,0,0,0,0,0,0,0,0,0,0,0,0,0,0,0,0,0,0,0,0,0,0,0,0,0,0,0,0,0,0,0,0,0,0,0,0,0,0,0,0,0,0,0
assets/001.ak47/001_0244.jpg,ak47,69725,4759,962,0,0,0,0,0,0,0,0,0,0,0,0,0,0,0,0,0,0,0,0,0,0,0,0,0,0,0,0,0,0,0,0,0,0,0,0,0,0,0,0,0,0,0,0,0,0,0,0,0,0,0,0,0,0,0,0,0,0,0,0,0,0,0,0,0,0,0,0,0,0,0,0,0,0,0,0,0
assets/001.ak47/001_0240.jpg,ak47,6694,37468,9694,0,0,0,0,0,0,0,0,0,0,0,0,0,0,0,0,0,0,0,0,0,0,0,0,0,0,0,0,0,0,0,0,0,0,0,0,0,0,0,0,0,0,0,0,0,0,0,0,0,0,0,0,0,0,0,0,0,0,0,0,0,0,0,0,0,0,0,0,0,0,0,0,0,0,0,0,0
assets/001.ak47/001_0150.jpg,ak47,397,1086,22872,1747,1036,14,1003,236,0,102,30,171,493,375,384,504,278,56926,190,38,577,280,3,0,140,0,0,168,492,934,176,0,0,102,0,0,71,181,5736,137,2,0,64,0,0,1113,1529,14626,1196,56,0,192,1,0,108,54,77,105,4,0,10,0,0,98,11,13,69,0,0,13,0,0,0,0,0,0,0,0,0,0
assets/001.ak47/001_0031.jpg,ak47,4881,4187,227533,193,1978,809,99,756,101,8651,13104,2857,1512,2649,3915,150,2257,547,6820,5580,7957,403,97,149,16,0,0,150,160,849,9,0,0,0,0,0,39,36,1675,0,0,0,1,0,0,921,1906,799,43,27,1,2,0,0,408,381,128,3,7,0,1,0,0,294,411,717,12,49,1,1,0,0,0,0,0,0,0,0,0,0
assets/001.ak47/001_0160.jpg,ak47,37652,148425,113532,3622,5214,22,105,33,0,511,2393,597,2192,11978,790,90,0,0,1546,5759,853,171,12,0,23,0,0,3241,9700,1967,303,0,0,71,0,0,4481,4170,12834,392,0,0,51,0,0,6612,9745,32411,3826,1,0,105,0,0,194,932,263,27,0,0,2,0,0,101,366,151,33,0,0,1,0,0,0,0,0,0,0,0,0,0
assets/001.ak47/001_0264.jpg,ak47,8324,35601,113,0,0,0,0,0,0,0,0,0,0,0,0,0,0,0,0,0,0,0,0,0,0,0,0,0,0,0,0,0,0,0,0,0,0,0,0,0,0,0,0,0,0,0,0,0,0,0,0,0,0,0,0,0,0,0,0,0,0,0,0,0,0,0,0,0,0,0,0,0,0,0,0,0,0,0,0,0
assets/001.ak47/001_0038.jpg,ak47,51,5940,90,384,1706,4,432,132,0,63,3995,187,325,913,137,196,28,0,42,1612,308,40,591,367,28,49,0,3,296,3,5,0,0,11,0,0,0,16,0,0,0,0,0,0,0,39,1539,2,7,0,0,11,0,0,2,173,0,14,0,0,12,0,0,2,188,1,4,0,0,2,0,0,0,0,0,0,0,0,0,0
assets/001.ak47/001_0101.jpg,ak47,10470,49359,64885,1191,1954,27,78,0,0,2084,4548,799,2877,21188,464,357,113,0,6618,45062,2773,3710,7650,1,448,4,0,1782,5824,1724,578,174,0,129,0,0,4003,15717,14348,70,0,0,6,0,0,32799,140467,112806,15093,958,0,18,0,0,467,782,372,76,0,0,0,0,0,320,1077,272,47,0,0,7,0,0,0,0,0,0,0,0,0,0
assets/001.ak47/001_0106.jpg,ak47,1403,2781,10708,284,114,0,336,410,0,5083,11322,55,377,200,7,120,411,0,769,756,181,68,8,0,19,0,0,116,388,571,16,0,0,4,0,0,18,85,2949,3,0,0,1,0,0,230,857,6234,32,0,0,12,0,0,59,23,25,3,0,0,2,0,0,20,41,14,7,0,0,2,0,0,0,0,0,0,0,0,0,0
assets/001.ak47/001_0182.jpg,ak47,0,532,17366,3,0,0,3,0,0,7,29,144,85,922,469,86,1325,0,345,377,11032,1063,1933,26766,387,345,0,425,582,1468,1093,3,0,183,0,0,0,159,4323,4,0,0,0,0,0,0,1070,10406,0,0,0,0,0,0,0,23,103,0,0,0,0,0,0,0,0,126,0,0,0,0,0,0,0,0,0,0,0,0,0,0
assets/001.ak47/001_0021.jpg,ak47,111,42,16,47,0,0,188,0,0,28,835,2524,185,20985,4862,233,6,0,208,286,799,219,131,30,122,0,0,284,142,53,122,0,0,37,0,0,420,203,136,341,29,0,37,0,0,452,1031,238,1210,669,18,197,0,0,4,0,0,7,0,0,3,0,0,1,0,2,3,0,0,4,0,0,0,0,0,0,0,0,0,0
assets/001.ak47/001_0124.jpg,ak47,346,589,14751,309,1012,25,242,73,0,189,75,73,433,46,2,398,1,0,886,383,321,2161,118,28,2856,6,1,551,643,1073,845,97,0,619,2,0,189,213,4223,250,809,1511,241,246,27764,400,1245,8479,178,175,39,63,43,0,52,28,96,9,5,0,1,0,0,81,20,175,17,5,0,1,0,0,0,0,0,0,0,0,0,0
assets/001.ak47/001_0228.jpg,ak47,2804,38242,18054,0,0,0,0,0,0,0,0,0,0,0,0,0,0,0,0,0,0,0,0,0,0,0,0,0,0,0,0,0,0,0,0,0,0,0,0,0,0,0,0,0,0,0,0,0,0,0,0,0,0,0,0,0,0,0,0,0,0,0,0,0,0,0,0,0,0,0,0,0,0,0,0,0,0,0,0,0
assets/001.ak47/001_0033.jpg,ak47,72,51,58362,25,189,22,42,22,0,9,69,476,62,1925,1957,56,296,0,2046,3244,3540,2077,437,46,187,2,0,1398,697,695,605,29,0,173,0,0,7,4,958,5,0,0,0,0,0,2,13,643,2,0,0,4,0,0,0,2,27,0,0,0,0,0,0,0,0,322,0,0,0,0,0,0,0,0,0,0,0,0,0,0
assets/001.ak47/001_0119.jpg,ak47,4945,5957,251717,209,2012,806,128,704,77,8705,13113,2926,1441,2629,3943,140,2350,460,6922,5876,10572,428,57,148,12,0,0,154,1154,2689,2,0,0,0,0,0,22,355,14147,0,0,0,0,0,0,879,4657,31409,28,8,0,2,0,0,440,431,267,6,8,0,0,0,0,224,403,1104,5,25,0,0,0,0,0,0,0,0,0,0,0,0
assets/001.ak47/001_0034.jpg,ak47,222,971,20511,0,0,0,0,0,0,488,1746,6968,9,4338,92,0,197,0,760,4228,8044,10,955,41,0,0,0,47,390,695,0,0,0,0,0,0,8,36,394,0,0,0,0,0,0,5,66,244,0,0,0,0,0,0,0,3,32,0,0,0,0,0,0,0,5,95,0,0,0,0,0,0,0,0,0,0,0,0,0,0
assets/001.ak47/001_0214.jpg,ak47,2500,16747,703,0,0,0,0,0,0,0,0,0,0,0,0,0,0,0,0,0,0,0,0,0,0,0,0,0,0,0,0,0,0,0,0,0,0,0,0,0,0,0,0,0,0,0,0,0,0,0,0,0,0,0,0,0,0,0,0,0,0,0,0,0,0,0,0,0,0,0,0,0,0,0,0,0,0,0,0,0
assets/001.ak47/001_0116.jpg,ak47,312,5063,68011,923,15141,115,837,338,143,41,513,885,126,2776,74,66,101,28,72,440,1341,32,270,110,23,27,3,56,1153,2049,18,6,0,30,1,0,89,749,12359,96,48,10,25,14,1,1818,28238,45542,2327,2198,94,1181,195,0,223,1749,16145,500,222,5,248,2,0,185,1538,165110,303,141,3,221,1,0,0,0,0,0,0,0,0,0
assets/001.ak47/001_0039.jpg,ak47,344,1209,71868,371,711,3379,283,939,1191,298,646,567,166,58,728,64,29,29,308,723,1804,94,30,0,34,0,0,68,251,965,22,2,0,49,0,0,18,63,598,8,0,0,3,0,0,559,4001,2137,1503,1195,53,757,0,0,62,353,251,53,3,0,12,0,0,41,225,826,33,9,0,7,0,0,0,0,0,0,0,0,0,0
assets/001.ak47/001_0129.jpg,ak47,320,3472,42301,12,1526,0,0,0,0,49,1938,223,5,14413,0,0,0,0,263,3239,620,0,19,0,0,0,0,472,253202,2378,0,0,0,0,0,0,16,964,10628,0,0,0,0,0,0,354,15836,30030,0,0,0,0,0,0,19,170,197,0,0,0,0,0,0,5,18,15,0,0,0,0,0,0,0,0,0,0,0,0,0,0
assets/001.ak47/001_0072.jpg,ak47,48459,167262,72175,3515,5136,25,113,38,0,461,2151,391,2123,12055,787,101,6,0,1197,4815,277,230,17,4,20,0,0,2502,7258,413,278,0,0,72,0,0,4680,4118,139,381,0,0,41,0,0,6567,5852,896,3681,6,0,97,0,0,134,642,90,26,0,0,3,0,0,81,374,74,35,0,0,2,0,0,0,0,0,0,0,0,0,0
assets/001.ak47/001_0136.jpg,ak47,59,1682,31776,49,221,13,68,9,0,50,742,257,856,6041,924,2137,10733,41,474,4486,978,3371,70529,53,4405,28423,0,298,1593,1292,152,9,0,8,0,0,94,608,7860,40,6,0,0,0,0,654,4857,21768,147,166,15,5,0,0,17,91,178,1,0,0,0,0,0,16,37,331,0,0,0,0,0,0,0,0,0,0,0,0,0,0
assets/001.ak47/001_0148.jpg,ak47,123,954,19517,268,3966,603,246,200,0,8,36,1437,8,9,41,5,0,0,10,75,26361,4,0,0,1,0,0,13,416,2498,3,0,0,4,0,0,1,117,4752,6,0,0,1,0,0,2753,3999,12309,3776,54,0,379,0,0,101,146,201,74,2,0,13,0,0,13,30,255,6,0,0,2,0,0,0,0,0,0,0,0,0,0
assets/001.ak47/001_0157.jpg,ak47,24848,1022,12645,352,318,24,1933,1861,445,42,44,50,90,50,3,214,220,252,84,32,160,64,0,0,133,0,0,102,368,633,102,0,0,310,0,0,28,82,3185,14,0,0,69,0,0,200,1124,8301,304,0,0,829,0,0,28,16,34,46,0,0,86,0,0,20,4,19,15,0,0,95,0,0,0,0,0,0,0,0,0,0
assets/001.ak47/001_0253.jpg,ak47,3943,14492,48165,0,0,0,0,0,0,0,0,0,0,0,0,0,0,0,0,0,0,0,0,0,0,0,0,0,0,0,0,0,0,0,0,0,0,0,0,0,0,0,0,0,0,0,0,0,0,0,0,0,0,0,0,0,0,0,0,0,0,0,0,0,0,0,0,0,0,0,0,0,0,0,0,0,0,0,0,0
assets/001.ak47/001_0018.jpg,ak47,1421,2800,0,315,109,0,355,400,0,6415,14546,0,413,197,8,119,468,0,788,690,0,73,12,0,14,0,0,108,120,0,27,0,0,6,0,0,15,20,0,5,0,0,0,0,0,266,58,0,47,3,0,12,0,0,61,17,0,8,0,0,0,0,0,23,53,0,6,0,0,2,0,0,0,0,0,0,0,0,0,0
assets/001.ak47/001_0163.jpg,ak47,2906,20869,32190,480,22502,247,8,0,0,276,22532,1053,114,22070,295,0,2,0,105,3564,3491,4,425,0,0,0,0,110,987,3116,4,0,0,0,0,0,26,451,8373,0,5,0,0,0,0,294,7533,19980,2,5426,1,0,0,0,101,793,134,0,0,0,0,0,0,228,1367,204,0,0,0,0,0,0,0,0,0,0,0,0,0,0
assets/001.ak47/001_0246.jpg,ak47,12867,5016,86229,0,0,0,0,0,0,0,0,0,0,0,0,0,0,0,0,0,0,0,0,0,0,0,0,0,0,0,0,0,0,0,0,0,0,0,0,0,0,0,0,0,0,0,0,0,0,0,0,0,0,0,0,0,0,0,0,0,0,0,0,0,0,0,0,0,0,0,0,0,0,0,0,0,0,0,0,0
assets/001.ak47/001_0108.jpg,ak47,143,518,11698,404,1066,134,807,20627,149,31,148,443,140,824,244,109,103,2,88,272,1322,120,438,353,85,40,2,86,527,1237,104,18,3,230,0,0,48,178,3120,86,85,32,130,15,0,398,2048,7751,1397,2021,196,654,116,0,137,86,83,192,44,1,82,0,0,140,59,190,200,35,0,86,0,0,0,0,0,0,0,0,0,0
assets/001.ak47/001_0208.jpg,ak47,219122,208917,51769,0,0,0,0,0,0,0,0,0,0,0,0,0,0,0,0,0,0,0,0,0,0,0,0,0,0,0,0,0,0,0,0,0,0,0,0,0,0,0,0,0,0,0,0,0,0,0,0,0,0,0,0,0,0,0,0,0,0,0,0,0,0,0,0,0,0,0,0,0,0,0,0,0,0,0,0,0
assets/001.ak47/001_0047.jpg,ak47,55559,8620,2178,15944,9566,3672,13408,25413,17348,189,171,87,1227,270,26,1015,182,4,110,94,13,398,55,0,537,8,0,59,30,7,309,19,0,3812,0,0,33,9,0,104,0,0,482,0,0,238,134,5,691,24,0,2930,1,0,67,111,9,89,2,0,460,0,0,258,429,48,191,1,0,554,0,0,0,0,0,0,0,0,0,0
assets/001.ak47/001_0231.jpg,ak47,56268,117289,92933,0,0,0,0,0,0,0,0,0,0,0,0,0,0,0,0,0,0,0,0,0,0,0,0,0,0,0,0,0,0,0,0,0,0,0,0,0,0,0,0,0,0,0,0,0,0,0,0,0,0,0,0,0,0,0,0,0,0,0,0,0,0,0,0,0,0,0,0,0,0,0,0,0,0,0,0,0
assets/001.ak47/001_0130.jpg,ak47,24037,11901,32515,983,1041,0,420,194,0,91,7547,1060,217,455,3,46,515,0,700,15825,6511,1168,7327,502,226,0,0,579,3877,1695,1008,4517,191,452,0,0,263,1733,10342,3230,65,0,549,0,0,5229,17443,28220,16871,1789,1,1365,0,0,248,1240,253,183,0,0,20,0,0,112,1215,146,84,0,0,12,0,0,0,0,0,0,0,0,0,0
assets/001.ak47/001_0020.jpg,ak47,461,283,279,506,971,146,857,20742,141,192,282,376,219,868,246,164,109,4,224,360,1257,250,480,360,121,46,1,142,144,429,147,18,5,226,0,0,51,84,180,78,66,34,74,8,0,911,1372,364,2635,2512,186,828,111,2,206,70,29,270,26,0,79,0,0,202,74,95,197,22,0,73,0,0,0,0,0,0,0,0,0,0
assets/001.ak47/001_0107.jpg,ak47,652,3062,112765,72,9414,2560,3,5551,684,779,1130,1395,143,1119,258,4,202,575,1850,2074,73722,473,638,1201,22,36,25,1576,2716,4604,210,39,1,2,0,0,334,2490,12020,60,25,0,1,0,0,749,9064,31058,266,148,0,0,0,0,73,218,315,3,3,0,0,0,0,56,149,1084,1,2,0,0,0,0,0,0,0,0,0,0,0,0
assets/001.ak47/001_0170.jpg,ak47,20104,7968,28517,8903,3499,253,87,0,0,7417,4961,1078,6734,5292,32,119,0,0,6367,2022,1681,1002,365,0,18,0,0,3725,1775,1129,70,2,0,6,0,0,1088,358,6449,21,0,0,1,0,0,6172,6461,18094,202,0,0,14,0,0,1310,530,172,71,0,0,2,0,0,834,425,305,281,0,0,0,0,0,0,0,0,0,0,0,0,0
assets/001.ak47/001_0146.jpg,ak47,26203,41558,55087,12895,21188,13,2427,937,1,9925,10652,612,7524,19906,11,1954,8993,0,5705,5465,735,1869,2521,4,412,3004,0,8684,6623,1503,1427,11,0,347,0,0,8415,9334,11562,2172,96,0,217,0,0,21104,19494,30477,4243,40,0,898,3,0,1544,2016,1313,209,0,0,25,0,0,940,2003,2448,212,0,0,43,0,0,0,0,0,0,0,0,0,0
assets/001.ak47/001_0232.jpg,ak47,17634,28366,0,0,0,0,0,0,0,0,0,0,0,0,0,0,0,0,0,0,0,0,0,0,0,0,0,0,0,0,0,0,0,0,0,0,0,0,0,0,0,0,0,0,0,0,0,0,0,0,0,0,0,0,0,0,0,0,0,0,0,0,0,0,0,0,0,0,0,0,0,0,0,0,0,0,0,0,0,0
assets/001.ak47/001_0113.jpg,ak47,131,752,46382,15,574,19,0,145,12,7,16,187,9,30,8,0,3,10,40,141,931,4,32,2,0,3,8,930,471,1041,7,1,1,0,0,0,335,296,5076,17,16,3,0,2,0,1459,2416,12103,76,82,24,0,54,16,5,43,101,0,0,0,0,0,0,8,16,388,0,0,0,0,0,0,0,0,0,0,0,0,0,0
assets/001.ak47/001_0010.jpg,ak47,46414,74659,253,8662,31063,2831,342,464,40,902,8838,192,4440,14335,223,240,20,0,74,3912,9,57,38,0,3,0,0,46,7887,0,32,18,0,1,0,0,12,36,0,4,0,0,0,0,0,517,1058,32,11,146,9,0,0,0,264,234,14,24,11,0,0,0,0,487,164,16,47,7,0,0,0,0,0,0,0,0,0,0,0,0
assets/001.ak47/001_0172.jpg,ak47,6893,3864,23011,1781,1218,0,875,1,0,1016,686,139,629,43,0,198,0,0,1465,1050,248,721,180,0,159,0,0,1343,856,625,654,1,0,397,0,0,427,254,6083,990,0,0,253,0,0,13515,2948,14969,23564,0,0,3762,0,0,404,149,81,215,0,0,72,0,0,158,144,37,90,2,0,50,0,0,0,0,0,0,0,0,0,0
assets/001.ak47/001_0191.jpg,ak47,158958,247089,73953,0,0,0,0,0,0,0,0,0,0,0,0,0,0,0,0,0,0,0,0,0,0,0,0,0,0,0,0,0,0,0,0,0,0,0,0,0,0,0,0,0,0,0,0,0,0,0,0,0,0,0,0,0,0,0,0,0,0,0,0,0,0,0,0,0,0,0,0,0,0,0,0,0,0,0,0,0
assets/001.ak47/001_0194.jpg,ak47,12998,17002,0,0,0,0,0,0,0,0,0,0,0,0,0,0,0,0,0,0,0,0,0,0,0,0,0,0,0,0,0,0,0,0,0,0,0,0,0,0,0,0,0,0,0,0,0,0,0,0,0,0,0,0,0,0,0,0,0,0,0,0,0,0,0,0,0,0,0,0,0,0,0,0,0,0,0,0,0,0
assets/001.ak47/001_0257.jpg,ak47,9686,172976,4838,0,0,0,0,0,0,0,0,0,0,0,0,0,0,0,0,0,0,0,0,0,0,0,0,0,0,0,0,0,0,0,0,0,0,0,0,0,0,0,0,0,0,0,0,0,0,0,0,0,0,0,0,0,0,0,0,0,0,0,0,0,0,0,0,0,0,0,0,0,0,0,0,0,0,0,0,0
assets/001.ak47/001_0028.jpg,ak47,245,6061,24328,938,15142,149,846,338,170,68,696,702,124,2733,87,78,145,22,68,309,815,21,266,109,17,33,4,56,285,757,15,7,0,51,0,0,43,390,1233,57,43,15,23,15,2,1865,25130,14477,2284,2342,123,1205,211,0,187,1827,15999,469,220,10,253,1,0,200,2176,179981,321,174,7,230,2,0,0,0,0,0,0,0,0,0
assets/001.ak47/001_0006.jpg,ak47,2051,4407,20440,122,3568,973,8,0,0,39,38,300,22,17,0,2,0,0,56,20,989,5,0,0,0,0,0,47,16,524,7,0,0,0,0,0,11,16,1072,1,0,0,0,0,0,4789,7506,1087,225,658,174,4,37,214,2592,4416,300,162,0,0,1,0,0,2239,3594,4386,138,1,0,1,0,0,0,0,0,0,0,0,0,0
assets/001.ak47/001_0051.jpg,ak47,539,26895,23,169,412,35,207,796,222,38,353,83,91,684,417,144,615,559,111,981,603,96,178,676,50,7,2,99,486,149,25,25,2,19,0,0,32,208,43,15,11,0,4,0,0,966,3602,172,199,95,0,60,0,0,45,220,0,22,1,0,4,0,0,44,162,10,25,9,0,10,0,0,0,0,0,0,0,0,0,0
assets/001.ak47/001_0222.jpg,ak47,138729,168446,25,0,0,0,0,0,0,0,0,0,0,0,0,0,0,0,0,0,0,0,0,0,0,0,0,0,0,0,0,0,0,0,0,0,0,0,0,0,0,0,0,0,0,0,0,0,0,0,0,0,0,0,0,0,0,0,0,0,0,0,0,0,0,0,0,0,0,0,0,0,0,0,0,0,0,0,0,0
assets/001.ak47/001_0122.jpg,ak47,226,1258,28819,0,0,0,0,0,0,482,1758,6714,10,4460,92,0,175,0,766,4202,8012,10,888,7,0,2,0,46,801,1484,0,0,0,0,0,0,5,185,3816,0,0,0,0,0,0,8,1054,8747,0,0,0,0,0,0,3,19,57,0,0,0,0,0,0,0,7,177,0,0,0,0,0,0,0,0,0,0,0,0,0,0
assets/001.ak47/001_0014.jpg,ak47,2078,2057,71528,1272,3834,6385,258,1035,482,33,214,1247,14,49,248,10,0,0,16,49,1996,4,0,0,0,0,0,31,45,2832,0,0,0,1,0,0,11,15,1521,16,1,0,2,0,0,1313,1606,1780,395,25,0,193,0,0,1184,882,254,492,2,0,70,0,0,2443,936,1234,1352,11,0,144,0,0,0,0,0,0,0,0,0,0
assets/001.ak47/001_0243.jpg,ak47,7714,67073,2013,0,0,0,0,0,0,0,0,0,0,0,0,0,0,0,0,0,0,0,0,0,0,0,0,0,0,0,0,0,0,0,0,0,0,0,0,0,0,0,0,0,0,0,0,0,0,0,0,0,0,0,0,0,0,0,0,0,0,0,0,0,0,0,0,0,0,0,0,0,0,0,0,0,0,0,0,0
assets/001.ak47/001_0176.jpg,ak47,34,852,17706,179,1655,8546,137,2673,18293,0,8,80,6,1001,322,0,39,3,2,13,187,0,1,0,0,0,0,2,367,691,0,0,0,0,0,0,0,118,4148,0,0,0,0,0,0,20,1792,9485,21,6,0,2,0,0,10,550,122,27,8,0,1,0,0,17,426,242,37,50,0,9,0,0,0,0,0,0,0,0,0,0
assets/001.ak47/001_0153.jpg,ak47,2119,4977,51680,1504,5341,1831,312,164,2,1143,8291,1018,4115,20720,836,802,161,0,1733,14792,1978,5309,14788,10,445,7,0,468,1099,2399,102,11,0,22,0,0,337,762,10118,39,21,0,4,0,0,2514,4250,44464,421,64,0,32,0,0,220,274,600,45,1,0,2,0,0,226,248,724,54,0,0,1,0,0,0,0,0,0,0,0,0,0
assets/001.ak47/001_0198.jpg,ak47,58680,42057,380543,0,0,0,0,0,0,0,0,0,0,0,0,0,0,0,0,0,0,0,0,0,0,0,0,0,0,0,0,0,0,0,0,0,0,0,0,0,0,0,0,0,0,0,0,0,0,0,0,0,0,0,0,0,0,0,0,0,0,0,0,0,0,0,0,0,0,0,0,0,0,0,0,0,0,0,0,0
assets/001.ak47/001_0002.jpg,ak47,38,66,38223,19,250,50,89,77,0,18,132,681,79,1969,1118,59,456,0,1289,1841,4879,1018,83,35,176,0,0,751,555,1737,338,5,0,139,0,0,7,16,908,4,0,0,3,0,0,7,10,856,2,0,0,0,0,0,2,5,68,4,0,0,0,0,0,7,1,350,2,0,0,2,0,0,0,0,0,0,0,0,0,0
assets/001.ak47/001_0266.jpg,ak47,18237,47789,4824,0,0,0,0,0,0,0,0,0,0,0,0,0,0,0,0,0,0,0,0,0,0,0,0,0,0,0,0,0,0,0,0,0,0,0,0,0,0,0,0,0,0,0,0,0,0,0,0,0,0,0,0,0,0,0,0,0,0,0,0,0,0,0,0,0,0,0,0,0,0,0,0,0,0,0,0,0
assets/001.ak47/001_0241.jpg,ak47,33114,74174,58708,0,0,0,0,0,0,0,0,0,0,0,0,0,0,0,0,0,0,0,0,0,0,0,0,0,0,0,0,0,0,0,0,0,0,0,0,0,0,0,0,0,0,0,0,0,0,0,0,0,0,0,0,0,0,0,0,0,0,0,0,0,0,0,0,0,0,0,0,0,0,0,0,0,0,0,0,0
assets/001.ak47/001_0156.jpg,ak47,52780,1119,23003,309,108,32,1573,628,536,243,247,119,231,205,63,340,322,906,1580,1585,289,734,161,164,374,58,949,88,519,736,170,1,0,866,0,0,28,192,5907,35,0,0,65,0,0,119,1424,14953,563,1,0,1436,0,0,21,27,78,56,0,0,101,0,0,16,3,36,30,0,0,91,0,0,0,0,0,0,0,0,0,0
assets/001.ak47/001_0064.jpg,ak47,83,5538,721,154,191,0,50,6,0,628,9248,1891,1485,1946,2,148,181,0,1036,14342,11728,1011,2324,0,49,0,0,50,158,172,50,0,0,2,0,0,12,0,16,0,0,0,0,0,0,8,60,290,11,0,0,0,0,0,5,107,59,0,0,0,0,0,0,2,56,36,0,0,0,0,0,0,0,0,0,0,0,0,0,0
assets/001.ak47/001_0103.jpg,ak47,56740,101801,113448,4762,139,0,70,0,0,4769,11403,700,15116,7176,2,1877,4,0,18176,17248,3400,5341,963,21,297,2,0,5033,9689,2669,1461,20,0,203,0,0,2137,14700,14315,1411,26,0,25,0,0,18391,68004,44841,2874,296,0,95,0,0,754,6994,563,168,3,0,10,0,0,472,17333,518,107,2,0,7,0,0,0,0,0,0,0,0,0,0
assets/001.ak47/001_0052.jpg,ak47,100,3988,2877,53,1935,1835,71,442,3,23,10094,24191,55,444,244,12,14,0,38,1172,1013,109,1269,170,32,26,0,21,156,106,15,3,0,17,0,0,11,78,85,11,1,0,10,0,0,351,4022,1944,559,501,20,285,0,0,27,204,118,19,0,0,8,0,0,21,152,136,8,0,0,1,0,0,0,0,0,0,0,0,0,0
assets/001.ak47/001_0105.jpg,ak47,40,1102,21358,37,332,683,4,16,0,20,597,871,8,348,434,0,11,0,29,632,1506,5,9,0,0,0,0,4,286,1303,1,0,0,0,0,0,0,103,2460,0,0,0,0,0,0,1,666,6154,0,0,0,0,0,0,2,16,170,0,0,0,0,0,0,1,3,118,0,0,0,0,0,0,0,0,0,0,0,0,0,0
assets/001.ak47/001_0004.jpg,ak47,8329,314,0,3456,744,0,49,14,1,2938,160,0,8456,323,0,214,7,0,4693,483,0,2524,23,0,55,0,0,2890,634,0,139,0,0,0,0,0,410,4,0,31,0,0,0,0,0,6482,1170,0,336,0,0,3,0,0,972,53,0,10,0,0,0,0,0,276,54,0,3,0,0,0,0,0,0,0,0,0,0,0,0,0
assets/001.ak47/001_0125.jpg,ak47,3678,21600,129086,1211,6613,1145,1229,2578,0,1405,27427,17751,1782,1004,238,813,745,10,11493,14412,10372,2499,4695,0,213,3,0,8580,2278,2110,1267,196,0,34,0,0,849,1089,11252,196,0,0,10,0,0,4871,16752,98388,632,119,0,99,0,0,166,474,963,4,0,0,0,0,0,46,64,200,3,0,0,0,0,0,0,0,0,0,0,0,0,0
assets/001.ak47/001_0098.jpg,ak47,34812,24157,24592,19744,14237,369,8413,10233,0,13119,3081,171,18812,98232,7,12274,8830,0,5752,3168,39,4541,4366,0,1375,2,0,2747,297,11,546,3,0,196,0,0,648,262,3,96,0,0,13,0,0,11186,7664,72,1192,54,0,45,0,0,4093,2446,61,442,15,0,8,0,0,2280,1487,91,576,7,0,13,0,0,0,0,0,0,0,0,0,0
assets/001.ak47/001_0068.jpg,ak47,61821,223,97,190,140,32,1078,559,582,213,198,10,207,236,49,285,302,899,1507,1543,60,652,137,132,303,67,988,70,55,4,75,2,0,722,0,0,32,10,1,17,1,0,64,0,0,66,14,3,249,4,0,1247,0,0,35,2,0,59,0,0,96,0,0,18,7,4,17,0,0,62,0,0,0,0,0,0,0,0,0,0
assets/001.ak47/001_0141.jpg,ak47,31963,2561,21588,264,269,1,110,8,0,454,828,100,505,3556,1389,119,346,84,2312,327,289,59,9,0,16,0,0,1949,776,678,9,0,0,4,0,0,298,307,5653,33,0,0,2,0,0,8888,4089,13923,788,17,0,85,0,0,366,137,72,23,0,0,1,0,0,102,82,37,15,0,0,1,0,0,0,0,0,0,0,0,0,0
assets/001.ak47/001_0205.jpg,ak47,23067,80814,291371,0,0,0,0,0,0,0,0,0,0,0,0,0,0,0,0,0,0,0,0,0,0,0,0,0,0,0,0,0,0,0,0,0,0,0,0,0,0,0,0,0,0,0,0,0,0,0,0,0,0,0,0,0,0,0,0,0,0,0,0,0,0,0,0,0,0,0,0,0,0,0,0,0,0,0,0,0
assets/001.ak47/001_0181.jpg,ak47,192,2640,34621,345,427,21,163,0,0,5,331,274,3,1631,27,2,0,0,1,85,976,0,0,0,0,0,0,0,437,1095,0,0,0,0,0,0,0,122,4234,0,0,0,0,0,0,4,1176,9250,6,0,0,3,0,0,10,306,280,1,0,0,2,0,0,19,449,557,15,0,0,3,0,0,0,0,0,0,0,0,0,0
assets/001.ak47/001_0114.jpg,ak47,4171,1569,64162,552,3771,2,16,22,0,228,176,556,335,1461,42,13,27,0,1533,168,1952,65,0,0,5,0,0,411,621,2111,8,0,0,3,0,0,267,188,7263,1,0,0,0,0,0,4937,2647,15355,365,99,0,7,0,0,158,59,823,13,0,0,2,0,0,61,18,8664,8,0,0,0,0,0,0,0,0,0,0,0,0,0
assets/001.ak47/001_0015.jpg,ak47,75450,115392,66533,4386,150,0,75,0,0,4244,11270,329,16627,7883,2,1961,5,0,13876,15865,1784,5980,1087,21,370,1,0,1496,5117,264,1059,24,0,232,0,0,2094,17547,131,2070,29,0,32,0,0,12835,59095,6568,2744,355,0,103,0,0,217,4741,152,165,4,0,13,0,0,236,18891,373,119,1,0,2,0,0,0,0,0,0,0,0,0,0
assets/001.ak47/001_0001.jpg,ak47,45,268,53,167,214,21,354,2370,2,68,396,89,133,446,518,30,721,208,180,813,130,58,74,346,1,20,20,57,1225,645,22,2,0,7,0,0,32,53075,42334,80,10,0,37,0,0,136,24403,4007,1992,1306,9,1402,4,0,16,33,21,22,3,0,5,0,0,5,41,13,21,2,0,10,0,0,0,0,0,0,0,0,0,0
assets/001.ak47/001_0254.jpg,ak47,15962,170993,80,0,0,0,0,0,0,0,0,0,0,0,0,0,0,0,0,0,0,0,0,0,0,0,0,0,0,0,0,0,0,0,0,0,0,0,0,0,0,0,0,0,0,0,0,0,0,0,0,0,0,0,0,0,0,0,0,0,0,0,0,0,0,0,0,0,0,0,0,0,0,0,0,0,0,0,0,0
assets/001.ak47/001_0270.jpg,ak47,4997,5394,43609,0,0,0,0,0,0,0,0,0,0,0,0,0,0,0,0,0,0,0,0,0,0,0,0,0,0,0,0,0,0,0,0,0,0,0,0,0,0,0,0,0,0,0,0,0,0,0,0,0,0,0,0,0,0,0,0,0,0,0,0,0,0,0,0,0,0,0,0,0,0,0,0,0,0,0,0,0
assets/001.ak47/001_0009.jpg,ak47,348,1256,4343,1590,2096,10,81,4,0,159,5235,18068,684,2583,102,100,4,0,123,1379,6672,102,131,0,17,0,0,36,49,181,10,0,0,2,0,0,56,58,67,49,0,0,3,0,0,894,2904,149,2770,802,0,47,0,0,58,22,42,3,0,0,0,0,0,79,52,170,10,0,0,0,0,0,0,0,0,0,0,0,0,0
assets/001.ak47/001_0030.jpg,ak47,1775,1896,205040,1230,478,13,2679,2040,0,937,7223,4511,2792,4364,276,1701,11768,420,477,3230,15884,1136,1492,15,529,26,0,170,221,1682,104,0,0,203,0,0,88,82,2429,64,1,0,92,0,0,1797,8182,4254,4951,5648,267,5396,71,0,363,336,1084,186,0,0,115,0,0,270,263,1077,129,0,0,81,0,0,0,0,0,0,0,0,0,0
assets/001.ak47/001_0248.jpg,ak47,80657,205131,74012,0,0,0,0,0,0,0,0,0,0,0,0,0,0,0,0,0,0,0,0,0,0,0,0,0,0,0,0,0,0,0,0,0,0,0,0,0,0,0,0,0,0,0,0,0,0,0,0,0,0,0,0,0,0,0,0,0,0,0,0,0,0,0,0,0,0,0,0,0,0,0,0,0,0,0,0,0
assets/001.ak47/001_0060.jpg,ak47,101,320,1751,252,3876,606,290,304,0,8,39,984,15,14,51,5,0,0,15,83,30838,8,0,0,6,0,0,22,29,1841,3,0,0,9,0,0,1,12,452,8,2,0,3,0,0,2801,2655,945,3724,63,0,475,0,0,99,144,146,74,6,0,19,0,0,7,18,480,12,0,0,3,0,0,0,0,0,0,0,0,0,0
assets/001.ak47/001_0245.jpg,ak47,34519,2648,101,0,0,0,0,0,0,0,0,0,0,0,0,0,0,0,0,0,0,0,0,0,0,0,0,0,0,0,0,0,0,0,0,0,0,0,0,0,0,0,0,0,0,0,0,0,0,0,0,0,0,0,0,0,0,0,0,0,0,0,0,0,0,0,0,0,0,0,0,0,0,0,0,0,0,0,0,0
assets/001.ak47/001_0217.jpg,ak47,1757,305426,17,0,0,0,0,0,0,0,0,0,0,0,0,0,0,0,0,0,0,0,0,0,0,0,0,0,0,0,0,0,0,0,0,0,0,0,0,0,0,0,0,0,0,0,0,0,0,0,0,0,0,0,0,0,0,0,0,0,0,0,0,0,0,0,0,0,0,0,0,0,0,0,0,0,0,0,0,0
assets/001.ak47/001_0224.jpg,ak47,42855,106210,935,0,0,0,0,0,0,0,0,0,0,0,0,0,0,0,0,0,0,0,0,0,0,0,0,0,0,0,0,0,0,0,0,0,0,0,0,0,0,0,0,0,0,0,0,0,0,0,0,0,0,0,0,0,0,0,0,0,0,0,0,0,0,0,0,0,0,0,0,0,0,0,0,0,0,0,0,0
assets/001.ak47/001_0036.jpg,ak47,282,180,3,442,1106,27,308,113,2,168,45,0,429,78,1,475,3,0,850,344,2,1950,167,26,2817,9,2,449,165,1,810,135,2,741,2,0,139,127,15,235,538,791,183,315,35215,402,168,25,212,283,60,66,29,0,68,18,2,10,7,0,10,0,0,53,23,0,26,23,0,15,0,0,0,0,0,0,0,0,0,0
assets/001.ak47/001_0118.jpg,ak47,1958,3706,224205,1351,415,14,2540,1999,0,934,7210,4765,2988,4358,302,1541,11870,378,445,3492,18543,1074,1356,12,386,0,0,107,1162,3458,55,0,0,101,0,0,28,396,14855,26,0,0,28,0,0,1962,11393,34645,5471,5313,154,5153,48,0,390,444,1206,207,0,0,106,0,0,264,234,1468,110,0,0,70,0,0,0,0,0,0,0,0,0,0
assets/001.ak47/001_0112.jpg,ak47,1375,7780,35834,945,1943,66,2957,663,0,72,2128,4557,26,17,0,6,0,0,14,4835,3381,5,0,0,3,0,0,14,775,1306,10,0,0,21,0,0,4,160,4827,4,0,0,41,0,0,1625,2086,11799,3473,4,0,1072,0,0,485,275,241,748,0,0,105,0,0,1560,513,335,543,0,0,114,0,0,0,0,0,0,0,0,0,0
assets/001.ak47/001_0164.jpg,ak47,51376,3967,37429,3762,5281,8804,1162,1993,2178,3213,2422,238,4302,7312,298,704,39,0,25255,6414,886,7960,1058,98,1496,66,0,11467,3492,1733,3623,516,0,721,16,0,954,714,9816,491,16,0,85,0,0,11350,23987,25605,2808,1321,1,287,139,0,563,571,155,71,1,0,3,0,0,328,330,69,95,0,0,7,0,0,0,0,0,0,0,0,0,0
assets/001.ak47/001_0139.jpg,ak47,527,21180,14120,169,358,39,217,787,229,43,335,132,97,663,396,133,591,531,182,1264,839,95,131,491,36,2,0,100,1151,712,14,10,0,12,0,0,46,304,3433,6,5,0,2,0,0,962,4606,8963,176,40,0,51,0,0,82,282,44,28,1,0,2,0,0,48,172,23,29,2,0,7,0,0,0,0,0,0,0,0,0,0
assets/001.ak47/001_0155.jpg,ak47,711,14440,24842,789,10496,259,50,525,29,24,4246,2791,597,26258,798,91,741,1058,0,205,601,53,3172,5,6,0,0,0,487,902,0,0,0,0,0,0,0,181,5886,0,0,0,0,0,0,0,1405,14178,0,0,0,0,0,0,0,29,136,0,0,0,0,0,0,29,53,142,3,2,0,0,0,0,0,0,0,0,0,0,0,0
assets/001.ak47/001_0035.jpg,ak47,2134,1362,39584,1183,554,0,362,13,0,119,73,119,169,19,0,26,0,0,136,67,228,50,0,0,24,0,0,17,14,144,14,0,0,40,0,0,2,6,283,11,0,0,4,0,0,2966,678,300,2082,0,0,839,0,0,303,415,91,151,0,0,131,0,0,194,254,811,24,0,0,4,0,0,0,0,0,0,0,0,0,0
assets/001.ak47/001_0200.jpg,ak47,16933,22712,29955,0,0,0,0,0,0,0,0,0,0,0,0,0,0,0,0,0,0,0,0,0,0,0,0,0,0,0,0,0,0,0,0,0,0,0,0,0,0,0,0,0,0,0,0,0,0,0,0,0,0,0,0,0,0,0,0,0,0,0,0,0,0,0,0,0,0,0,0,0,0,0,0,0,0,0,0,0
assets/001.ak47/001_0080.jpg,ak47,314,16622,9,81,1430,58,42,0,0,13,380,0,9,0,0,0,0,0,33,724,0,0,0,0,0,0,0,291,1565,0,15,0,0,6,0,0,178,436,2,22,10,0,2,0,0,3252,9994,18,511,45,0,241,0,0,16,239,2,6,0,0,2,0,0,9,108,0,0,0,0,1,0,0,0,0,0,0,0,0,0,0
assets/001.ak47/001_0165.jpg,ak47,86,2541,39462,5,30,0,0,0,0,75,1561,2331,104,578,5,3,4,0,219,1979,1145,26,5,0,1,0,0,330,1089,970,42,0,0,0,0,0,471,415,5591,410,2,0,2,0,0,269,3240,33827,292,0,0,1,0,0,15,249,2530,0,0,0,0,0,0,0,140,4143,0,0,0,0,0,0,0,0,0,0,0,0,0,0
assets/001.ak47/001_0135.jpg,ak47,48250,10032,35751,15755,8965,3870,12072,23831,15504,139,150,198,990,180,0,1007,118,2,67,88,516,276,52,0,654,4,0,77,673,1231,539,9,0,2141,0,0,7,240,7865,28,0,0,232,0,0,119,2048,22241,923,12,0,2372,0,0,115,164,158,140,1,0,542,0,0,244,329,216,186,2,0,471,0,0,0,0,0,0,0,0,0,0
assets/001.ak47/001_0212.jpg,ak47,12228,38882,82,0,0,0,0,0,0,0,0,0,0,0,0,0,0,0,0,0,0,0,0,0,0,0,0,0,0,0,0,0,0,0,0,0,0,0,0,0,0,0,0,0,0,0,0,0,0,0,0,0,0,0,0,0,0,0,0,0,0,0,0,0,0,0,0,0,0,0,0,0,0,0,0,0,0,0,0,0
assets/001.ak47/001_0083.jpg,ak47,1725,5376,422,1764,4289,975,194,266,0,1397,11832,91,3265,5668,10,635,330,0,4115,26942,163,11049,58541,92,2321,529,0,9770,15471,139,31329,41433,10,7445,5151,0,5470,12554,718,4792,2887,0,83,6,0,4205,10731,3461,3266,5133,99,138,33,0,195,218,4,33,0,0,1,0,0,205,130,10,89,0,0,0,0,0,0,0,0,0,0,0,0,0
assets/001.ak47/001_0074.jpg,ak47,242,1,0,428,12,0,2480,6,0,93,14,0,150,378,0,871,469,0,138,29,0,1382,739,1,4032,712,0,139,25,0,199,4,0,1078,0,0,68,77,2,118,1,0,86,0,0,340,1119,19,1662,194,0,2821,0,0,73,11,0,265,0,0,1214,0,0,22,3,1,125,0,0,18639,0,0,0,0,0,0,0,0,0,0
assets/001.ak47/001_0239.jpg,ak47,113619,246333,48,0,0,0,0,0,0,0,0,0,0,0,0,0,0,0,0,0,0,0,0,0,0,0,0,0,0,0,0,0,0,0,0,0,0,0,0,0,0,0,0,0,0,0,0,0,0,0,0,0,0,0,0,0,0,0,0,0,0,0,0,0,0,0,0,0,0,0,0,0,0,0,0,0,0,0,0,0
assets/001.ak47/001_0085.jpg,ak47,1090,1991,56829,183,5722,2926,76,2,0,8,130,1115,29,104,161,3,0,0,12,47,3598,9,0,0,94,0,0,3,11,1116,16,0,0,45,0,0,2,9,1622,5,0,0,8,0,0,4438,8619,3067,1533,113,0,113,0,0,133,930,336,54,1,0,11,0,0,125,524,1395,30,6,0,6,0,0,0,0,0,0,0,0,0,0
assets/001.ak47/001_0132.jpg,ak47,147835,15516,43095,3890,9516,1147,8093,7,0,7697,23203,4697,4357,16565,13180,2750,28,0,4415,13738,2664,903,6,13,890,0,0,341,1217,1573,665,0,0,1990,0,0,31,360,11243,59,0,0,134,0,0,455,3645,30128,1643,4,0,3732,0,0,80,244,202,181,0,0,251,0,0,35,70,72,37,0,0,107,0,0,0,0,0,0,0,0,0,0
assets/001.ak47/001_0171.jpg,ak47,1683,6347,42922,1759,4312,941,177,237,0,1461,12421,341,3294,5392,8,582,289,0,4265,24836,926,10106,56170,94,2048,391,0,8905,16149,2509,28144,39495,5,6627,4318,0,5408,12499,11727,4610,2634,0,70,9,0,4043,13088,32512,3109,4334,48,97,19,0,246,282,268,32,0,0,0,0,0,177,143,117,77,0,0,1,0,0,0,0,0,0,0,0,0,0
assets/001.ak47/001_0215.jpg,ak47,6891,14678,78431,0,0,0,0,0,0,0,0,0,0,0,0,0,0,0,0,0,0,0,0,0,0,0,0,0,0,0,0,0,0,0,0,0,0,0,0,0,0,0,0,0,0,0,0,0,0,0,0,0,0,0,0,0,0,0,0,0,0,0,0,0,0,0,0,0,0,0,0,0,0,0,0,0,0,0,0,0
assets/001.ak47/001_0042.jpg,ak47,25964,11790,1737,956,1049,0,459,216,0,86,8527,985,148,480,3,69,530,0,526,19095,6559,967,8535,518,296,0,0,424,3592,666,857,5197,222,522,1,0,249,1683,2605,3584,83,0,592,0,0,4963,17866,9458,17326,1926,2,1361,0,0,290,1476,228,258,2,0,16,0,0,133,1491,127,88,0,0,17,0,0,0,0,0,0,0,0,0,0
assets/001.ak47/001_0196.jpg,ak47,17327,21518,3050,0,0,0,0,0,0,0,0,0,0,0,0,0,0,0,0,0,0,0,0,0,0,0,0,0,0,0,0,0,0,0,0,0,0,0,0,0,0,0,0,0,0,0,0,0,0,0,0,0,0,0,0,0,0,0,0,0,0,0,0,0,0,0,0,0,0,0,0,0,0,0,0,0,0,0,0,0
assets/001.ak47/001_0162.jpg,ak47,241,599,14356,682,9,0,2993,4,0,14,91,66,177,435,0,585,437,0,81,397,376,389,480,1,616,159,0,104,438,598,164,1,0,331,0,0,103,209,3377,146,0,0,57,0,0,389,2168,8423,1556,179,0,1983,0,0,35,18,32,425,0,0,2112,0,0,1,1,23,127,0,0,16512,0,0,0,0,0,0,0,0,0,0
assets/001.ak47/001_0219.jpg,ak47,4387,1982,67881,0,0,0,0,0,0,0,0,0,0,0,0,0,0,0,0,0,0,0,0,0,0,0,0,0,0,0,0,0,0,0,0,0,0,0,0,0,0,0,0,0,0,0,0,0,0,0,0,0,0,0,0,0,0,0,0,0,0,0,0,0,0,0,0,0,0,0,0,0,0,0,0,0,0,0,0,0
assets/001.ak47/001_0115.jpg,ak47,2,181,5567,0,0,0,0,0,0,0,0,23,0,0,0,0,0,0,0,2,136,0,0,0,0,0,0,4,166,518,0,0,0,1,0,0,2,33,1722,14,0,0,1,0,0,142,656,3553,880,7532,4601,237,78,0,3,6,28,0,0,0,0,0,0,0,0,78,0,0,0,0,0,0,0,0,0,0,0,0,0,0
assets/001.ak47/001_0065.jpg,ak47,2492,4088,26483,1733,5631,1884,330,178,7,1168,8641,692,4288,22117,893,817,212,0,1778,17567,1149,6599,17491,13,565,18,0,337,548,730,120,18,0,12,0,0,360,550,2428,59,52,0,5,0,0,2445,2275,26589,518,74,0,41,0,0,138,164,404,51,5,0,5,0,0,271,384,489,86,1,0,3,0,0,0,0,0,0,0,0,0,0
assets/001.ak47/001_0140.jpg,ak47,81,2069,22492,47,1916,1855,57,373,0,29,6110,22524,52,452,224,12,24,0,35,1109,1348,101,1247,146,24,15,0,34,514,707,16,1,0,16,0,0,17,216,4814,13,0,0,12,0,0,350,5396,14010,598,382,17,231,0,0,25,249,161,9,0,0,6,0,0,51,140,143,10,0,0,0,0,0,0,0,0,0,0,0,0,0
assets/001.ak47/001_0026.jpg,ak47,4601,1077,49900,551,3776,3,17,31,0,254,143,524,310,1472,47,14,49,0,1399,130,1132,59,1,0,9,0,0,432,52,475,10,0,0,1,0,0,243,40,1164,1,0,0,0,0,0,4573,960,1031,435,112,0,9,0,0,128,42,130,11,0,0,0,0,0,45,9,9840,7,0,0,0,0,0,0,0,0,0,0,0,0,0
assets/001.ak47/001_0037.jpg,ak47,3715,20235,93380,1071,6497,1166,1160,2630,0,1307,28941,20361,1834,1065,222,854,805,15,12733,14548,10530,2767,5039,0,212,0,0,8176,1672,463,1371,425,0,40,0,0,886,988,146,220,0,0,7,0,0,4928,15409,73361,805,261,0,120,0,0,102,382,673,4,0,0,0,0,0,57,111,159,5,0,0,0,0,0,0,0,0,0,0,0,0,0
assets/001.ak47/001_0262.jpg,ak47,63099,122676,725,0,0,0,0,0,0,0,0,0,0,0,0,0,0,0,0,0,0,0,0,0,0,0,0,0,0,0,0,0,0,0,0,0,0,0,0,0,0,0,0,0,0,0,0,0,0,0,0,0,0,0,0,0,0,0,0,0,0,0,0,0,0,0,0,0,0,0,0,0,0,0,0,0,0,0,0,0
assets/001.ak47/001_0062.jpg,ak47,266,179,33,1622,1045,30,984,231,4,86,60,22,466,325,301,600,234,65461,169,25,2,265,22,0,174,0,0,96,8,0,187,1,0,153,0,0,67,5,0,159,0,0,110,0,0,1092,119,1,1247,116,1,435,13,0,56,27,0,74,2,0,23,0,0,86,17,0,75,4,0,20,0,0,0,0,0,0,0,0,0,0
assets/001.ak47/001_0086.jpg,ak47,141,112,56,1162,2107,431,751,3209,552,67,301,553,888,3880,1370,698,1155,2392,171,292,56,1022,2547,105,172,77,6,995,5002,0,23540,132339,0,65,2,0,38,0,0,70,0,0,0,0,0,67,0,0,36,0,0,2,0,0,25,0,0,9,0,0,1,0,0,12,0,0,24,0,0,0,0,0,0,0,0,0,0,0,0,0
assets/001.ak47/001_0111.jpg,ak47,223,475,6357,78,337,10,99,517,77,42,45,52,18,85,11,4,239,63,104,60,121,2,1,0,0,0,0,135,181,300,8,0,0,3,0,0,66,274,1920,9,8,0,1,0,0,500,12081,4122,55,106,0,16,0,0,13,33,45,0,0,0,0,0,0,17,45,25,2,0,0,0,0,0,0,0,0,0,0,0,0,0
assets/001.ak47/001_0216.jpg,ak47,12810,133137,1953,0,0,0,0,0,0,0,0,0,0,0,0,0,0,0,0,0,0,0,0,0,0,0,0,0,0,0,0,0,0,0,0,0,0,0,0,0,0,0,0,0,0,0,0,0,0,0,0,0,0,0,0,0,0,0,0,0,0,0,0,0,0,0,0,0,0,0,0,0,0,0,0,0,0,0,0,0
assets/001.ak47/001_0082.jpg,ak47,21013,7213,1971,9315,3816,285,95,0,0,8169,5026,908,7107,5590,37,145,0,0,6818,2177,984,1223,576,0,30,0,0,3607,1304,285,81,8,0,6,0,0,1327,186,87,47,0,0,5,0,0,6384,4803,308,191,0,0,13,0,0,1375,475,35,87,0,0,2,0,0,768,412,251,349,0,0,2,0,0,0,0,0,0,0,0,0,0
assets/001.ak47/001_0032.jpg,ak47,21135,42273,10441,7906,7758,41,1917,797,0,10737,24473,6974,10779,16852,584,2214,2113,2,34389,40941,12423,13690,9812,801,930,649,0,23035,16672,3656,5091,701,0,529,0,0,1837,8835,1156,464,2,0,100,0,0,26419,41250,21421,31359,2520,45,8966,0,0,1428,951,369,349,0,0,112,0,0,371,907,457,149,3,0,23,0,0,0,0,0,0,0,0,0,0
assets/001.ak47/001_0151.jpg,ak47,1146,2065,46382,2467,3850,1,1767,5369,0,1203,5250,338,7061,28848,2,3602,94473,0,2924,155200,1423,6761,2188,0,1207,0,0,827,9993,1954,3815,18,0,1100,0,0,198,6465,12158,3,1,0,1,0,0,1468,3312,31673,624,0,0,0,0,0,204,51,205,87,0,0,0,0,0,86,0,150,100,0,0,0,0,0,0,0,0,0,0,0,0,0
assets/001.ak47/001_0209.jpg,ak47,7320,8244,65236,0,0,0,0,0,0,0,0,0,0,0,0,0,0,0,0,0,0,0,0,0,0,0,0,0,0,0,0,0,0,0,0,0,0,0,0,0,0,0,0,0,0,0,0,0,0,0,0,0,0,0,0,0,0,0,0,0,0,0,0,0,0,0,0,0,0,0,0,0,0,0,0,0,0,0,0,0
assets/001.ak47/001_0154.jpg,ak47,64,1740,28299,431,552,0,200,1407,0,113,19688,62986,5191,9134,5786,663,1850,0,24,520,728,335,324,4,48,0,0,0,588,1118,0,0,0,0,0,0,0,204,6516,0,0,0,0,0,0,0,1650,18544,0,0,0,0,0,0,0,35,112,0,0,0,0,0,0,0,0,238,0,0,0,0,0,0,0,0,0,0,0,0,0,0
assets/001.ak47/001_0023.jpg,ak47,265,266,118,81,310,5,96,551,103,29,48,12,27,91,4,8,279,57,89,67,9,6,0,0,0,0,0,115,51,0,12,1,0,1,0,0,56,284,2,12,52,0,2,0,0,444,14533,115,62,195,0,17,0,0,16,42,16,0,0,0,1,0,0,12,56,22,4,0,0,0,0,0,0,0,0,0,0,0,0,0
assets/001.ak47/001_0011.jpg,ak47,121,555,246,480,1244,4,749,509,0,21,466,599,327,4009,1402,355,3837,693,92,962,133,184,2284,47,139,22,0,251,4620,68,587,15283,0,385,0,0,59,223,5,11,0,0,12,0,0,67,291,57,60,0,0,27,0,0,7,40,14,4,0,0,5,0,0,2,18,2,2,0,0,0,0,0,0,0,0,0,0,0,0,0
assets/001.ak47/001_0238.jpg,ak47,9924,66867,9,0,0,0,0,0,0,0,0,0,0,0,0,0,0,0,0,0,0,0,0,0,0,0,0,0,0,0,0,0,0,0,0,0,0,0,0,0,0,0,0,0,0,0,0,0,0,0,0,0,0,0,0,0,0,0,0,0,0,0,0,0,0,0,0,0,0,0,0,0,0,0,0,0,0,0,0,0
assets/001.ak47/001_0167.jpg,ak47,47,1229,43593,1,775,4,0,0,0,5,239,624,0,956,165,0,0,0,5,367,1698,0,5,5,0,0,0,21,1107,1795,0,0,0,0,0,0,18,486,5516,0,0,0,0,0,0,203,3298,11178,1,1,0,0,0,0,2,39,83,0,1,0,0,0,0,3,4,430,0,0,0,0,0,0,0,0,0,0,0,0,0,0
assets/001.ak47/001_0207.jpg,ak47,28541,34830,242861,0,0,0,0,0,0,0,0,0,0,0,0,0,0,0,0,0,0,0,0,0,0,0,0,0,0,0,0,0,0,0,0,0,0,0,0,0,0,0,0,0,0,0,0,0,0,0,0,0,0,0,0,0,0,0,0,0,0,0,0,0,0,0,0,0,0,0,0,0,0,0,0,0,0,0,0,0
assets/001.ak47/001_0007.jpg,ak47,1601,6213,23,274,1,0,23,0,0,561,15622,11,94,1,0,6,0,0,532,14843,37,29,0,0,3,0,0,137,533,62,19,0,0,2,0,0,82,185,369,84,10,0,7,0,0,2253,1781,733,355,102,0,62,0,0,768,123,8,85,0,0,3,0,0,251,25,8,79,0,0,0,0,0,0,0,0,0,0,0,0,0
assets/001.ak47/001_0201.jpg,ak47,3798,2425,40002,0,0,0,0,0,0,0,0,0,0,0,0,0,0,0,0,0,0,0,0,0,0,0,0,0,0,0,0,0,0,0,0,0,0,0,0,0,0,0,0,0,0,0,0,0,0,0,0,0,0,0,0,0,0,0,0,0,0,0,0,0,0,0,0,0,0,0,0,0,0,0,0,0,0,0,0,0
assets/001.ak47/001_0133.jpg,ak47,233291,10956,41354,1445,651,0,66,8,0,1658,287,210,7584,10186,0,1324,621,0,1836,258,419,41,0,0,0,0,0,1547,931,1312,0,0,0,0,0,0,264,353,11296,0,0,0,0,0,0,2796,3035,28928,3,0,0,0,0,0,253,74,188,0,0,0,0,0,0,128,5,100,0,0,0,0,0,0,0,0,0,0,0,0,0,0
assets/001.ak47/001_0184.jpg,ak47,158,2062,90378,312,1844,1,22,11,0,116,1225,1328,630,5716,80,84,491,0,231,955,3620,187,3398,9,52,1003,0,1049,2262,5264,148,0,0,19,0,0,4391,4985,9970,427,2,0,19,0,0,580,3111,22641,70,3,0,2,0,0,2,55,466,0,0,0,0,0,0,0,25,456,0,0,0,0,0,0,0,0,0,0,0,0,0,0
assets/001.ak47/001_0271.jpg,ak47,35528,6630,1842,0,0,0,0,0,0,0,0,0,0,0,0,0,0,0,0,0,0,0,0,0,0,0,0,0,0,0,0,0,0,0,0,0,0,0,0,0,0,0,0,0,0,0,0,0,0,0,0,0,0,0,0,0,0,0,0,0,0,0,0,0,0,0,0,0,0,0,0,0,0,0,0,0,0,0,0,0
assets/001.ak47/001_0024.jpg,ak47,1404,9604,21354,926,1878,61,2959,735,0,71,2630,4680,35,31,0,2,0,0,20,6403,3732,9,2,0,4,0,0,22,67,167,25,0,0,45,0,0,4,19,53,12,0,0,45,0,0,1612,1059,741,3303,4,0,1089,0,0,123,107,18,672,0,0,137,0,0,1974,592,472,608,0,0,90,0,0,0,0,0,0,0,0,0,0
assets/001.ak47/001_0180.jpg,ak47,89369,4682,28314,172,3652,107,96,8,0,275,341,120,84,1190,14,14,0,0,1723,1497,324,166,0,0,33,0,0,1577,2310,864,77,0,0,75,0,0,507,1491,7117,52,0,0,10,0,0,1409,1857,18934,87,0,0,1,0,0,148,96,99,0,0,0,0,0,0,107,59,34,0,0,0,0,0,0,0,0,0,0,0,0,0,0
assets/001.ak47/001_0092.jpg,ak47,101071,4037,128,181,3649,104,117,12,0,190,254,10,83,1131,14,6,2,0,1105,1274,10,196,0,0,39,0,0,760,1180,29,73,2,0,97,0,0,661,1583,307,82,0,0,9,0,0,935,209,11,156,0,0,1,0,0,90,42,0,0,0,0,0,0,0,75,84,1,0,0,0,0,0,0,0,0,0,0,0,0,0,0
assets/001.ak47/001_0019.jpg,ak47,629,1339,77527,73,9449,2573,0,5584,682,766,1177,1207,136,1105,285,2,169,569,1929,1920,83536,491,630,3178,21,40,28,1570,1986,2592,186,43,1,1,0,0,323,2170,2424,60,18,0,1,0,0,765,6623,3477,260,140,0,1,0,0,71,162,240,0,1,0,0,0,0,44,132,699,5,0,0,0,0,0,0,0,0,0,0,0,0,0
assets/001.ak47/001_0213.jpg,ak47,46713,104524,190621,0,0,0,0,0,0,0,0,0,0,0,0,0,0,0,0,0,0,0,0,0,0,0,0,0,0,0,0,0,0,0,0,0,0,0,0,0,0,0,0,0,0,0,0,0,0,0,0,0,0,0,0,0,0,0,0,0,0,0,0,0,0,0,0,0,0,0,0,0,0,0,0,0,0,0,0,0
assets/001.ak47/001_0096.jpg,ak47,206,1075,80643,300,1928,3,12,13,0,138,1276,1149,590,5696,85,83,550,0,239,910,2485,199,3254,24,57,1052,0,916,1665,3776,147,2,0,25,0,0,4611,4812,2183,435,6,0,19,0,0,439,1105,2980,58,7,0,3,0,0,6,43,327,0,0,0,0,0,0,2,55,411,0,0,0,0,0,0,0,0,0,0,0,0,0,0
assets/001.ak47/001_0029.jpg,ak47,10584,37660,286157,3086,22430,21,136,2,0,216,2343,538,162,635,77,39,2,0,872,3211,588,113,2,0,27,0,0,260,728,472,36,0,0,98,0,0,748,1879,2466,484,92,0,67,0,0,2052,13142,1723,714,71,0,40,0,0,25,162,19,12,0,0,2,0,0,60,370,561,64,0,0,4,0,0,0,0,0,0,0,0,0,0
assets/001.ak47/001_0041.jpg,ak47,379,2074,0,13,1649,0,0,0,0,72,1795,3,5,14228,0,0,0,0,230,3017,0,0,21,0,0,0,0,420,269197,1,0,0,0,0,0,0,8,544,0,0,0,0,0,0,0,372,13129,19,0,0,0,0,0,0,0,12,0,0,0,0,0,0,0,6,6,0,0,0,0,0,0,0,0,0,0,0,0,0,0,0
assets/001.ak47/001_0076.jpg,ak47,54071,2704,1051,4344,5143,8795,1492,2125,2218,3462,2730,86,4856,9805,360,811,53,0,31865,7261,306,9407,1424,108,2029,72,0,14168,2801,446,4397,601,4,1155,21,0,1088,575,145,660,31,0,110,0,0,11547,23527,795,3488,1510,33,445,160,0,705,614,22,142,4,0,23,0,0,318,287,31,151,7,0,11,0,0,0,0,0,0,0,0,0,0
assets/001.ak47/001_0050.jpg,ak47,4050,14121,604,460,6298,2042,1318,3913,1330,1278,54773,777,627,928,184,343,4301,61,3565,55750,1177,1032,53,0,139,0,0,1791,2467,90,357,0,0,118,0,0,1783,1488,51,129,2,0,12,0,0,2087,5841,288,562,3,0,15,0,0,118,367,24,7,0,0,0,0,0,75,260,36,3,0,0,2,0,0,0,0,0,0,0,0,0,0
assets/001.ak47/001_0099.jpg,ak47,83,900,11626,500,989,5,346,64,0,18,457,554,329,3027,1368,268,1698,400,92,1076,548,222,2545,148,143,20,0,250,5296,666,608,14964,0,395,0,0,43,383,2967,11,0,0,2,0,0,57,989,7031,36,0,0,18,0,0,1,31,24,6,0,0,0,0,0,1,2,34,7,0,0,0,0,0,0,0,0,0,0,0,0,0
assets/001.ak47/001_0044.jpg,ak47,164737,13893,557,2624,9492,1221,9952,17,0,8048,24534,4381,4335,16145,13624,2738,33,1,4133,13547,2135,567,26,23,619,0,0,239,376,43,393,0,0,1799,0,0,33,71,4,71,0,0,355,0,0,348,705,24,721,17,0,3601,0,0,102,173,7,158,0,0,281,0,0,28,74,4,36,1,0,154,0,0,0,0,0,0,0,0,0,0
assets/001.ak47/001_0274.jpg,ak47,178623,155558,12699,0,0,0,0,0,0,0,0,0,0,0,0,0,0,0,0,0,0,0,0,0,0,0,0,0,0,0,0,0,0,0,0,0,0,0,0,0,0,0,0,0,0,0,0,0,0,0,0,0,0,0,0,0,0,0,0,0,0,0,0,0,0,0,0,0,0,0,0,0,0,0,0,0,0,0,0,0
assets/001.ak47/001_0192.jpg,ak47,6406,6780,65294,0,0,0,0,0,0,0,0,0,0,0,0,0,0,0,0,0,0,0,0,0,0,0,0,0,0,0,0,0,0,0,0,0,0,0,0,0,0,0,0,0,0,0,0,0,0,0,0,0,0,0,0,0,0,0,0,0,0,0,0,0,0,0,0,0,0,0,0,0,0,0,0,0,0,0,0,0
assets/001.ak47/001_0255.jpg,ak47,596,6184,36648,0,0,0,0,0,0,0,0,0,0,0,0,0,0,0,0,0,0,0,0,0,0,0,0,0,0,0,0,0,0,0,0,0,0,0,0,0,0,0,0,0,0,0,0,0,0,0,0,0,0,0,0,0,0,0,0,0,0,0,0,0,0,0,0,0,0,0,0,0,0,0,0,0,0,0,0,0
assets/001.ak47/001_0127.jpg,ak47,312,2149,89623,341,767,3446,342,932,1148,303,704,799,180,70,717,66,14,9,293,792,2658,59,1,0,12,0,0,62,827,2123,7,0,0,13,0,0,10,259,8140,5,0,0,9,0,0,579,6036,20963,1536,1073,33,714,0,0,112,457,482,59,3,0,22,0,0,59,227,899,25,1,0,8,0,0,0,0,0,0,0,0,0,0
assets/001.ak47/001_0027.jpg,ak47,0,0,0,0,0,0,0,0,0,0,0,0,0,0,0,0,0,0,0,0,0,0,0,0,0,0,0,19,0,20,4,0,0,1,0,0,3,0,0,20,0,0,1,0,0,354,610,56,1021,8928,5401,257,93,0,6,0,0,6,0,0,0,0,0,0,0,0,0,0,0,0,0,0,0,0,0,0,0,0,0,0
assets/001.ak47/001_0022.jpg,ak47,6744,2514,356435,104,0,0,119,0,0,127,757,1099,153,0,0,63,0,0,2533,6732,5610,535,0,0,235,0,0,11634,3475,6951,2850,0,0,1329,0,0,2243,778,5762,1296,56,0,320,0,0,5803,2243,4374,10269,34980,19,2345,3,0,66,6,86,83,0,0,24,0,0,0,4,469,43,0,0,9,0,0,0,0,0,0,0,0,0,0
assets/001.ak47/001_0058.jpg,ak47,28623,43404,14275,14013,22672,34,2748,1233,4,10474,11024,417,7783,21157,16,2089,9301,0,5692,5309,250,2053,2822,6,632,3294,0,9001,5829,198,1412,29,1,470,0,0,8904,9759,99,2848,119,0,300,0,0,20676,19079,1311,4694,200,0,1346,29,0,1558,2001,1262,289,0,0,53,0,0,1047,2298,2664,344,0,0,55,0,0,0,0,0,0,0,0,0,0
assets/001.ak47/001_0218.jpg,ak47,62947,86623,17230,0,0,0,0,0,0,0,0,0,0,0,0,0,0,0,0,0,0,0,0,0,0,0,0,0,0,0,0,0,0,0,0,0,0,0,0,0,0,0,0,0,0,0,0,0,0,0,0,0,0,0,0,0,0,0,0,0,0,0,0,0,0,0,0,0,0,0,0,0,0,0,0,0,0,0,0,0
assets/001.ak47/001_0143.jpg,ak47,308,1667,40684,432,2589,227,304,2488,117,118,255,397,686,2376,2053,203,2149,984,570,1602,1357,1606,3861,105,434,116,28,3546,56004,83815,19685,22650,2,1331,5,0,2258,6031,10672,2538,104,0,529,0,0,2350,5354,26626,4803,416,0,390,0,0,35,65,160,5,0,0,0,0,0,32,19,158,5,0,0,0,0,0,0,0,0,0,0,0,0,0
assets/001.ak47/001_0177.jpg,ak47,9232,4465,200574,852,5247,0,27,0,0,289,994,708,365,3058,0,21,1,0,997,591,1972,18,0,0,2,0,0,528,912,1811,21,0,0,0,0,0,37,271,11070,19,0,0,1,0,0,3380,3895,25725,59,0,0,5,0,0,242,97,187,5,0,0,0,0,0,14,6,929,1,0,0,0,0,0,0,0,0,0,0,0,0,0
assets/001.ak47/001_0075.jpg,ak47,3213,21635,4961,490,23418,287,12,1,0,300,23521,921,130,23539,327,2,2,0,114,4174,4109,6,342,0,0,0,0,90,508,2148,4,0,0,0,0,0,64,324,2330,0,23,0,0,0,0,298,5795,293,3,5624,2,0,0,0,94,522,1,0,0,0,0,0,0,254,1678,11,0,0,0,0,0,0,0,0,0,0,0,0,0,0
assets/001.ak47/001_0061.jpg,ak47,1864,1082,185,1542,4918,0,388,33,0,1168,44773,30771,1731,8584,0,233,35,0,2327,145968,69992,1087,113,0,174,0,0,1660,1656,145,453,6,0,149,0,0,1592,2342,13,360,4,0,50,0,0,12435,17178,7,2391,36,0,246,0,0,255,101,4,40,0,0,2,0,0,146,108,16,36,0,0,1,0,0,0,0,0,0,0,0,0,0
assets/001.ak47/001_0138.jpg,ak47,3843,14844,34567,488,6597,2158,1261,3948,927,1238,49152,1008,615,859,139,308,4374,53,3613,54952,2166,915,42,0,165,0,0,2255,3254,1334,319,0,0,87,0,0,1571,1523,8739,84,0,0,4,0,0,2069,8046,23283,477,0,0,14,0,0,183,335,172,17,0,0,2,0,0,86,237,59,17,0,0,1,0,0,0,0,0,0,0,0,0,0
assets/001.ak47/001_0090.jpg,ak47,878,303,222,494,80,0,258,84,0,1567,4463,4395,1263,14565,1208,359,1399,105,8359,11672,2156,1163,13252,963,109,54,4,676,131,2,100,4,0,36,0,0,64,0,0,17,0,0,11,0,0,184,28,0,33,0,0,11,0,0,64,23,0,6,0,0,0,0,0,52,8,4,19,0,0,2,0,0,0,0,0,0,0,0,0,0
assets/001.ak47/001_0025.jpg,ak47,135,144,36902,14,563,29,0,151,18,1,18,159,7,31,38,0,0,12,44,120,829,3,72,148,0,100,26,956,101,427,4,1,0,0,0,0,262,117,534,16,10,1,0,1,0,1528,1281,797,68,110,27,0,56,10,13,13,55,0,0,0,0,0,0,1,12,260,0,0,0,0,0,0,0,0,0,0,0,0,0,0
assets/001.ak47/001_0159.jpg,ak47,2415,13045,40488,3101,8364,2597,394,3732,0,1840,12871,175,10660,846,0,35,0,0,6877,93821,791,4827,214,0,11,0,0,4059,46425,1105,289,0,0,10,0,0,1165,26648,10178,20,0,0,2,0,0,3844,10282,28407,15,0,0,0,0,0,304,189,148,7,0,0,0,0,0,62,31,43,19,0,0,0,0,0,0,0,0,0,0,0,0,0
assets/001.ak47/001_0230.jpg,ak47,6864,7163,53473,0,0,0,0,0,0,0,0,0,0,0,0,0,0,0,0,0,0,0,0,0,0,0,0,0,0,0,0,0,0,0,0,0,0,0,0,0,0,0,0,0,0,0,0,0,0,0,0,0,0,0,0,0,0,0,0,0,0,0,0,0,0,0,0,0,0,0,0,0,0,0,0,0,0,0,0,0
assets/001.ak47/001_0166.jpg,ak47,211,2103,33953,247,12425,6,0,0,0,17,58,185,6,313,0,0,0,0,25,270,489,16,107,0,0,0,0,111,1708,2107,146,4069,128772,6,5,0,140,673,8617,358,1135,74,5,0,0,691,4816,23204,3056,10002,341,0,0,0,128,189,174,269,261,0,1,0,0,312,191,145,140,123,0,0,0,0,0,0,0,0,0,0,0,0
assets/001.ak47/001_0237.jpg,ak47,37905,258650,61845,0,0,0,0,0,0,0,0,0,0,0,0,0,0,0,0,0,0,0,0,0,0,0,0,0,0,0,0,0,0,0,0,0,0,0,0,0,0,0,0,0,0,0,0,0,0,0,0,0,0,0,0,0,0,0,0,0,0,0,0,0,0,0,0,0,0,0,0,0,0,0,0,0,0,0,0,0
assets/001.ak47/001_0229.jpg,ak47,61491,5997,12,0,0,0,0,0,0,0,0,0,0,0,0,0,0,0,0,0,0,0,0,0,0,0,0,0,0,0,0,0,0,0,0,0,0,0,0,0,0,0,0,0,0,0,0,0,0,0,0,0,0,0,0,0,0,0,0,0,0,0,0,0,0,0,0,0,0,0,0,0,0,0,0,0,0,0,0,0
assets/001.ak47/001_0053.jpg,ak47,39646,1648,0,273,326,0,114,8,0,332,845,0,464,3410,1372,141,462,143,1494,235,0,57,20,0,12,0,0,2223,232,0,20,4,0,9,0,0,284,169,0,45,16,0,2,0,0,8102,2653,13,866,48,0,98,0,0,1012,449,0,24,0,0,0,0,0,90,129,0,10,0,0,0,0,0,0,0,0,0,0,0,0,0
assets/001.ak47/001_0123.jpg,ak47,1916,1888,48274,1209,562,0,351,11,0,115,51,171,146,20,0,22,1,0,158,88,625,60,0,0,31,0,0,32,506,1143,10,0,0,24,0,0,10,136,4890,17,0,0,2,0,0,3117,1818,11090,2144,0,0,809,0,0,347,422,224,141,0,0,73,0,0,192,238,851,36,0,0,7,0,0,0,0,0,0,0,0,0,0
assets/001.ak47/001_0210.jpg,ak47,1903,12774,36923,0,0,0,0,0,0,0,0,0,0,0,0,0,0,0,0,0,0,0,0,0,0,0,0,0,0,0,0,0,0,0,0,0,0,0,0,0,0,0,0,0,0,0,0,0,0,0,0,0,0,0,0,0,0,0,0,0,0,0,0,0,0,0,0,0,0,0,0,0,0,0,0,0,0,0,0,0
assets/001.ak47/001_0169.jpg,ak47,238,6521,34043,838,2758,7,12,73,0,55,4692,1272,104,708,1,2,57,0,327,129292,11068,73,58,0,13,1,0,889,4016,1555,200,1,0,35,0,0,453,780,8793,139,0,0,7,0,0,920,9419,22997,1488,2853,0,29,0,0,20,226,128,3,1,0,0,0,0,26,155,27,3,4,0,0,0,0,0,0,0,0,0,0,0,0
assets/001.ak47/001_0195.jpg,ak47,8749,36844,173447,0,0,0,0,0,0,0,0,0,0,0,0,0,0,0,0,0,0,0,0,0,0,0,0,0,0,0,0,0,0,0,0,0,0,0,0,0,0,0,0,0,0,0,0,0,0,0,0,0,0,0,0,0,0,0,0,0,0,0,0,0,0,0,0,0,0,0,0,0,0,0,0,0,0,0,0,0
assets/001.ak47/001_0256.jpg,ak47,6609,30063,14,0,0,0,0,0,0,0,0,0,0,0,0,0,0,0,0,0,0,0,0,0,0,0,0,0,0,0,0,0,0,0,0,0,0,0,0,0,0,0,0,0,0,0,0,0,0,0,0,0,0,0,0,0,0,0,0,0,0,0,0,0,0,0,0,0,0,0,0,0,0,0,0,0,0,0,0,0
assets/001.ak47/001_0175.jpg,ak47,71626,2153,25415,505,648,0,2029,454,0,167,30,125,319,1752,0,398,1641,0,166,45,264,47,2,0,149,0,0,135,545,824,118,0,0,563,0,0,46,201,6658,11,0,0,32,0,0,373,1593,16798,415,0,0,1040,0,0,47,29,86,34,0,0,76,0,0,28,0,41,15,0,0,33,0,0,0,0,0,0,0,0,0,0
assets/001.ak47/001_0088.jpg,ak47,33,231,42,178,1671,9532,159,4671,23965,7,16,1,26,1088,318,4,61,6,5,17,0,6,0,0,0,0,0,12,2,0,6,0,0,0,0,0,2,1,0,1,0,0,0,0,0,22,779,36,33,10,0,4,0,0,16,487,32,23,11,0,0,0,0,16,365,41,38,58,1,5,0,0,0,0,0,0,0,0,0,0
assets/001.ak47/001_0202.jpg,ak47,17440,3648,64161,0,0,0,0,0,0,0,0,0,0,0,0,0,0,0,0,0,0,0,0,0,0,0,0,0,0,0,0,0,0,0,0,0,0,0,0,0,0,0,0,0,0,0,0,0,0,0,0,0,0,0,0,0,0,0,0,0,0,0,0,0,0,0,0,0,0,0,0,0,0,0,0,0,0,0,0,0
assets/001.ak47/001_0110.jpg,ak47,6516,4466,386318,129,0,0,67,0,0,151,627,1101,84,0,0,22,0,0,2553,6974,8104,600,0,0,241,0,0,11155,4813,7322,2781,0,0,1129,0,0,2523,1163,20487,1414,42,0,365,0,0,5964,6128,42285,10853,35017,20,2207,0,0,57,71,368,80,0,0,18,0,0,7,5,1384,35,0,0,18,0,0,0,0,0,0,0,0,0,0
assets/001.ak47/001_0071.jpg,ak47,2507,12252,46,3159,8332,2599,343,3774,0,1954,13663,2,10265,800,0,39,0,0,7055,100494,3,4988,236,0,10,0,0,4044,46398,10,326,0,0,9,0,0,1320,31624,76,46,0,0,1,0,0,3741,9254,16,22,0,0,0,0,0,317,146,0,12,0,0,0,0,0,77,25,0,15,0,0,0,0,0,0,0,0,0,0,0,0,0
assets/001.ak47/001_0137.jpg,ak47,333,1864,80395,605,4289,1357,531,1920,59,45,39,626,29,62,296,18,4,0,62,53,3821,5,0,0,3,0,0,36,641,2716,14,0,0,3,0,0,47,220,8484,71,0,0,20,0,0,5002,5802,22167,3890,63,0,665,0,0,314,101,390,117,0,0,9,0,0,112,60,952,83,0,0,9,0,0,0,0,0,0,0,0,0,0
assets/001.ak47/001_0142.jpg,ak47,255,2640,58899,156,45,0,31,0,0,68,531,376,1164,1538,0,385,118,0,108,755,2891,33,10,0,2,0,0,359,1286,4274,14,0,0,10,0,0,280,349,5905,13,0,0,4,0,0,2785,2895,16593,67,0,0,17,0,0,60,112,326,1,0,0,0,0,0,12,48,77,0,0,0,0,0,0,0,0,0,0,0,0,0,0
assets/001.ak47/001_0109.jpg,ak47,84,381,12022,43,1,0,151,0,0,35,770,2278,200,16734,4809,209,1,0,226,262,1052,201,100,26,89,0,0,317,459,897,76,0,0,30,0,0,404,278,3373,396,26,0,40,0,0,474,1998,7204,1172,646,11,134,0,0,5,7,62,5,0,0,5,0,0,3,0,115,4,0,0,1,0,0,0,0,0,0,0,0,0,0
assets/001.ak47/001_0269.jpg,ak47,922,5997,31481,0,0,0,0,0,0,0,0,0,0,0,0,0,0,0,0,0,0,0,0,0,0,0,0,0,0,0,0,0,0,0,0,0,0,0,0,0,0,0,0,0,0,0,0,0,0,0,0,0,0,0,0,0,0,0,0,0,0,0,0,0,0,0,0,0,0,0,0,0,0,0,0,0,0,0,0,0
assets/001.ak47/001_0128.jpg,ak47,357,6129,33557,331,6272,197,50,5,0,420,16720,167,841,2118,118,248,75,0,1624,58803,714,388,2,0,71,0,0,968,17300,1419,89,0,0,92,0,0,604,3352,9162,55,5,0,8,0,0,2518,16406,24133,997,5582,580,59,0,0,47,217,116,0,0,0,0,0,0,27,160,41,0,0,0,0,0,0,0,0,0,0,0,0,0,0
assets/001.ak47/001_0131.jpg,ak47,1243,1429,63596,399,1317,0,17,83,0,262,206,696,173,101,0,2,70,0,222,122,3081,0,0,0,0,0,0,278,554,7855,0,0,0,0,0,0,31,174,6797,0,0,0,0,0,0,257,1586,14183,0,0,0,0,0,0,62,165,102,0,0,0,0,0,0,27,43,443,0,0,0,0,0,0,0,0,0,0,0,0,0,0
assets/001.ak47/001_0263.jpg,ak47,89530,3670,0,0,0,0,0,0,0,0,0,0,0,0,0,0,0,0,0,0,0,0,0,0,0,0,0,0,0,0,0,0,0,0,0,0,0,0,0,0,0,0,0,0,0,0,0,0,0,0,0,0,0,0,0,0,0,0,0,0,0,0,0,0,0,0,0,0,0,0,0,0,0,0,0,0,0,0,0,0
assets/001.ak47/001_0190.jpg,ak47,13071,16255,82274,0,0,0,0,0,0,0,0,0,0,0,0,0,0,0,0,0,0,0,0,0,0,0,0,0,0,0,0,0,0,0,0,0,0,0,0,0,0,0,0,0,0,0,0,0,0,0,0,0,0,0,0,0,0,0,0,0,0,0,0,0,0,0,0,0,0,0,0,0,0,0,0,0,0,0,0,0
assets/001.ak47/001_0126.jpg,ak47,68,5132,7794,360,1551,2,405,111,0,48,3115,261,320,835,124,160,26,0,44,1400,489,31,549,366,31,42,0,3,449,486,5,0,0,7,0,0,0,74,1908,0,0,0,0,0,0,1,1296,4764,13,0,0,10,0,0,10,218,24,2,0,0,2,0,0,2,164,18,2,0,0,3,0,0,0,0,0,0,0,0,0,0
assets/001.ak47/001_0089.jpg,ak47,9508,3159,183083,777,5249,1,38,4,0,285,963,466,416,3062,0,20,1,0,908,511,883,10,0,0,1,0,0,493,69,482,22,0,0,1,0,0,60,3,864,15,0,0,2,0,0,3266,1380,404,97,0,0,4,0,0,162,49,31,2,0,0,0,0,0,53,9,376,1,0,0,0,0,0,0,0,0,0,0,0,0,0
assets/001.ak47/001_0045.jpg,ak47,256238,9485,48,1520,763,0,61,33,0,1656,258,0,7597,10320,0,1382,749,0,1190,89,0,67,6,0,2,0,0,907,55,0,2,0,0,0,0,0,358,33,0,16,0,0,0,0,0,2411,260,0,8,0,0,0,0,0,115,2,0,0,0,0,0,0,0,154,3,0,0,0,0,0,0,0,0,0,0,0,0,0,0,0
assets/001.ak47/001_0185.jpg,ak47,156,698,15321,190,402,1,85,38,0,92,1424,3651,494,2901,92,119,8,0,335,3102,1080,2312,16316,8,465,7,0,178,1160,1271,142,380,0,34,1,0,48,330,3960,6,4,0,0,0,0,113,1328,9333,13,29,50,1,0,0,14,31,44,0,0,0,0,0,0,0,7,8,0,0,0,0,0,0,0,0,0,0,0,0,0,0
assets/001.ak47/001_0095.jpg,ak47,26970,1723,350,282,196,38,2078,200,33,359,908,40,424,1868,274,440,645,38,188,609,75,116,114,1142,300,130,164,48,62,12,75,2,13,1218,1,0,9,22,8,53,0,0,163,0,0,61,117,10,310,1,0,1643,0,0,11,30,1,38,1,0,184,0,0,5,19,16,32,4,0,127,0,0,0,0,0,0,0,0,0,0
assets/001.ak47/001_0268.jpg,ak47,106318,13195,487,0,0,0,0,0,0,0,0,0,0,0,0,0,0,0,0,0,0,0,0,0,0,0,0,0,0,0,0,0,0,0,0,0,0,0,0,0,0,0,0,0,0,0,0,0,0,0,0,0,0,0,0,0,0,0,0,0,0,0,0,0,0,0,0,0,0,0,0,0,0,0,0,0,0,0,0,0
assets/001.ak47/001_0084.jpg,ak47,7003,2974,148,1713,1227,0,1056,5,0,970,595,21,679,45,0,205,0,0,1381,1042,3,742,182,0,183,0,0,1328,307,18,585,0,0,472,0,0,498,64,1,1077,0,0,270,0,0,14455,2038,21,24297,2,0,4503,0,0,288,115,8,155,0,0,55,0,0,138,136,18,111,1,0,55,0,0,0,0,0,0,0,0,0,0
assets/001.ak47/001_0223.jpg,ak47,140921,24563,1716,0,0,0,0,0,0,0,0,0,0,0,0,0,0,0,0,0,0,0,0,0,0,0,0,0,0,0,0,0,0,0,0,0,0,0,0,0,0,0,0,0,0,0,0,0,0,0,0,0,0,0,0,0,0,0,0,0,0,0,0,0,0,0,0,0,0,0,0,0,0,0,0,0,0,0,0,0
assets/001.ak47/001_0206.jpg,ak47,34257,42132,235149,0,0,0,0,0,0,0,0,0,0,0,0,0,0,0,0,0,0,0,0,0,0,0,0,0,0,0,0,0,0,0,0,0,0,0,0,0,0,0,0,0,0,0,0,0,0,0,0,0,0,0,0,0,0,0,0,0,0,0,0,0,0,0,0,0,0,0,0,0,0,0,0,0,0,0,0,0
assets/001.ak47/001_0188.jpg,ak47,10055,40497,116456,0,0,0,0,0,0,0,0,0,0,0,0,0,0,0,0,0,0,0,0,0,0,0,0,0,0,0,0,0,0,0,0,0,0,0,0,0,0,0,0,0,0,0,0,0,0,0,0,0,0,0,0,0,0,0,0,0,0,0,0,0,0,0,0,0,0,0,0,0,0,0,0,0,0,0,0,0
assets/001.ak47/001_0242.jpg,ak47,11872,66563,41565,0,0,0,0,0,0,0,0,0,0,0,0,0,0,0,0,0,0,0,0,0,0,0,0,0,0,0,0,0,0,0,0,0,0,0,0,0,0,0,0,0,0,0,0,0,0,0,0,0,0,0,0,0,0,0,0,0,0,0,0,0,0,0,0,0,0,0,0,0,0,0,0,0,0,0,0,0
assets/001.ak47/001_0069.jpg,ak47,28924,584,93,321,327,27,1854,1762,430,51,59,6,71,53,2,131,295,270,40,26,2,42,0,0,84,0,0,43,15,0,51,0,0,287,0,0,21,2,0,16,0,0,106,0,0,138,82,0,157,1,0,643,0,0,15,3,0,14,0,0,59,0,0,19,1,0,25,1,0,115,0,0,0,0,0,0,0,0,0,0
assets/001.ak47/001_0013.jpg,ak47,16228,61591,19027,1137,1988,36,84,0,0,2212,4338,493,4512,21039,521,361,116,0,5896,43280,288,3979,8070,1,516,6,0,690,2702,4,417,142,0,155,0,0,5149,20776,1,95,0,0,8,0,0,28166,130015,72590,20557,1032,0,24,0,0,148,212,0,67,0,0,3,0,0,214,923,126,56,3,0,6,0,0,0,0,0,0,0,0,0,0
assets/001.ak47/001_0145.jpg,ak47,1608,16181,35466,5459,11774,95,783,798,35,1723,16913,2708,9797,73061,1526,687,6307,196,245,222,1040,339,104,10,31,0,0,0,662,1203,1,0,0,0,0,0,0,236,7899,0,0,0,0,0,0,14,1978,22181,2,0,0,8,0,0,14,45,159,6,0,0,2,0,0,10,39,206,21,0,0,2,0,0,0,0,0,0,0,0,0,0
assets/001.ak47/001_0197.jpg,ak47,4939,29059,3502,0,0,0,0,0,0,0,0,0,0,0,0,0,0,0,0,0,0,0,0,0,0,0,0,0,0,0,0,0,0,0,0,0,0,0,0,0,0,0,0,0,0,0,0,0,0,0,0,0,0,0,0,0,0,0,0,0,0,0,0,0,0,0,0,0,0,0,0,0,0,0,0,0,0,0,0,0
assets/001.ak47/001_0183.jpg,ak47,18688,2356,15570,563,197,15,2715,156,7,318,713,177,482,2071,270,613,546,13,276,863,303,251,119,1298,388,114,58,232,446,693,343,0,4,1450,0,0,16,133,4289,79,0,0,132,0,0,353,1327,9856,772,1,0,2269,0,0,24,52,32,100,0,0,186,0,0,4,19,22,62,0,0,116,0,0,0,0,0,0,0,0,0,0
assets/001.ak47/001_0134.jpg,ak47,36816,127478,42523,3849,3941,4,2186,211,3,13613,25511,253,5856,10698,165,1767,1220,3231,23911,15901,629,496,80,2,176,24,34,5669,4052,1635,116,23,0,121,0,0,197,691,11333,27,3,0,17,0,0,661,6025,29726,209,16,0,340,0,0,136,513,205,31,2,0,20,0,0,54,174,89,24,5,0,12,0,0,0,0,0,0,0,0,0,0
assets/001.ak47/001_0100.jpg,ak47,261,6451,107248,443,2830,151,6,0,0,9,806,796,1,203,2,0,0,0,85,3821,3802,3,83,0,0,0,0,74,6296,4297,2,19,0,0,0,0,33,4189,12291,13,338,0,0,0,0,1488,14778,42695,3685,4330,0,66,0,0,111,725,500,78,89,0,1,0,0,157,640,1091,81,28,0,0,0,0,0,0,0,0,0,0,0,0
assets/001.ak47/001_0040.jpg,ak47,347,4834,815,349,6288,206,58,9,0,378,16261,4,777,1998,124,246,132,0,1669,60482,0,373,0,0,72,0,0,1059,18487,19,98,1,0,123,0,0,559,4805,434,88,4,0,1,0,0,2458,14510,2147,995,5581,629,64,2,0,58,169,3,0,0,0,0,0,0,28,149,7,0,0,0,0,0,0,0,0,0,0,0,0,0,0
assets/001.ak47/001_0067.jpg,ak47,767,14343,1929,871,11366,268,58,537,29,19,4435,2621,720,31168,857,127,782,1089,5,233,92,105,4170,6,17,6,0,0,4,4,0,0,0,0,0,0,0,0,0,0,0,0,0,0,0,2,7,0,0,0,0,0,0,0,4,17,0,0,0,0,0,0,0,29,80,0,11,22,0,0,0,0,0,0,0,0,0,0,0,0
assets/001.ak47/001_0249.jpg,ak47,2670,53722,308,0,0,0,0,0,0,0,0,0,0,0,0,0,0,0,0,0,0,0,0,0,0,0,0,0,0,0,0,0,0,0,0,0,0,0,0,0,0,0,0,0,0,0,0,0,0,0,0,0,0,0,0,0,0,0,0,0,0,0,0,0,0,0,0,0,0,0,0,0,0,0,0,0,0,0,0,0
assets/001.ak47/001_0078.jpg,ak47,266,656,4,236,12500,11,0,3,0,32,96,0,5,241,0,0,0,0,46,265,0,3,91,0,0,0,0,83,983,44,170,4244,145858,8,13,1,116,542,33,307,1135,93,5,4,0,687,2504,482,2910,10063,378,2,6,0,130,195,10,289,330,0,2,0,0,363,240,6,164,180,0,0,0,0,0,0,0,0,0,0,0,0
assets/001.ak47/001_0178.jpg,ak47,675,1109,21741,421,64,0,189,75,0,1361,3927,4232,1270,12146,977,298,1239,89,7253,8815,2282,958,9807,756,72,31,2,607,524,1136,77,2,0,29,0,0,31,184,5113,8,0,0,2,0,0,72,1354,13584,23,0,0,7,0,0,47,43,117,8,0,0,3,0,0,39,9,143,9,0,0,0,0,0,0,0,0,0,0,0,0,0
assets/001.ak47/001_0087.jpg,ak47,82295,1139,0,380,597,0,1420,505,0,197,13,0,335,1668,0,409,1724,0,127,9,0,38,2,0,119,0,0,44,3,0,66,0,0,314,0,0,67,0,0,17,0,0,60,0,0,348,7,0,235,0,0,893,0,0,29,2,0,40,0,0,47,0,0,17,0,0,14,0,0,20,0,0,0,0,0,0,0,0,0,0
assets/001.ak47/001_0220.jpg,ak47,209042,90331,7827,0,0,0,0,0,0,0,0,0,0,0,0,0,0,0,0,0,0,0,0,0,0,0,0,0,0,0,0,0,0,0,0,0,0,0,0,0,0,0,0,0,0,0,0,0,0,0,0,0,0,0,0,0,0,0,0,0,0,0,0,0,0,0,0,0,0,0,0,0,0,0,0,0,0,0,0,0
assets/001.ak47/001_0227.jpg,ak47,4822,35211,1717,0,0,0,0,0,0,0,0,0,0,0,0,0,0,0,0,0,0,0,0,0,0,0,0,0,0,0,0,0,0,0,0,0,0,0,0,0,0,0,0,0,0,0,0,0,0,0,0,0,0,0,0,0,0,0,0,0,0,0,0,0,0,0,0,0,0,0,0,0,0,0,0,0,0,0,0,0
assets/001.ak47/001_0149.jpg,ak47,1759,2889,45313,1498,5338,0,376,34,0,1130,55738,34780,1802,8133,0,219,34,0,2509,114361,60453,1014,94,0,175,0,0,1741,2546,1859,402,3,0,130,0,0,1680,2756,11691,390,0,0,49,0,0,12338,19992,30740,2294,29,0,216,0,0,295,139,168,38,0,0,2,0,0,176,88,46,41,0,0,2,0,0,0,0,0,0,0,0,0,0
assets/001.ak47/001_0055.jpg,ak47,942,162,13711,589,2933,239,282,2704,146,113,261,68,781,2455,1966,204,2176,1060,491,1439,393,1503,3848,142,448,156,26,3526,62022,95638,19500,22725,2,1393,4,0,2216,5501,209,2667,126,0,492,0,0,2423,2914,49,4868,443,0,407,0,0,59,9,1,8,0,0,1,0,0,31,7,0,11,0,0,0,0,0,0,0,0,0,0,0,0,0
assets/001.ak47/001_0161.jpg,ak47,66,1282,18035,14,579,316,11,317,331,9,126,86,4,100,533,5,39,173,11,214,213,1,1,0,0,0,0,11,626,1053,1,0,0,0,0,0,3,225,4986,0,1,0,0,0,0,176,47921,12470,9,21,9,0,0,0,24,421,68,3,0,0,0,0,0,11,250,15,0,1,0,0,0,0,0,0,0,0,0,0,0,0
assets/001.ak47/001_0043.jpg,ak47,1236,562,56487,559,1361,0,19,153,0,278,229,673,147,146,9,2,113,0,208,74,2004,4,0,0,0,0,0,266,73,7226,1,0,0,0,0,0,58,2,1043,0,0,0,0,0,0,244,348,254,0,0,0,0,0,0,45,113,16,0,0,0,0,0,0,29,48,219,1,0,0,0,0,0,0,0,0,0,0,0,0,0
assets/001.ak47/001_0251.jpg,ak47,12725,105069,13776,0,0,0,0,0,0,0,0,0,0,0,0,0,0,0,0,0,0,0,0,0,0,0,0,0,0,0,0,0,0,0,0,0,0,0,0,0,0,0,0,0,0,0,0,0,0,0,0,0,0,0,0,0,0,0,0,0,0,0,0,0,0,0,0,0,0,0,0,0,0,0,0,0,0,0,0,0
assets/001.ak47/001_0046.jpg,ak47,40176,137937,7,3900,3922,10,2772,293,4,13654,27151,5,6038,11231,133,1771,1230,3151,23991,15360,11,560,123,7,200,18,99,5337,2499,1,128,73,0,146,0,0,254,483,0,25,24,0,29,0,0,510,2470,0,203,94,0,506,0,0,103,227,0,38,26,0,42,0,0,28,145,0,26,6,0,23,0,0,0,0,0,0,0,0,0,0
assets/001.ak47/001_0199.jpg,ak47,2704,15660,280,0,0,0,0,0,0,0,0,0,0,0,0,0,0,0,0,0,0,0,0,0,0,0,0,0,0,0,0,0,0,0,0,0,0,0,0,0,0,0,0,0,0,0,0,0,0,0,0,0,0,0,0,0,0,0,0,0,0,0,0,0,0,0,0,0,0,0,0,0,0,0,0,0,0,0,0,0
assets/001.ak47/001_0173.jpg,ak47,132,2758,71038,187,5549,2797,27,2,0,1,58,1286,5,69,149,0,0,0,3,61,4139,2,0,0,0,0,0,4,549,1956,0,0,0,0,0,0,1,202,8632,0,0,0,0,0,0,4031,9729,19245,1398,107,0,27,0,0,155,846,487,40,2,0,2,0,0,116,524,1330,28,1,0,1,0,0,0,0,0,0,0,0,0,0
assets/001.ak47/001_0203.jpg,ak47,2861,13874,65,0,0,0,0,0,0,0,0,0,0,0,0,0,0,0,0,0,0,0,0,0,0,0,0,0,0,0,0,0,0,0,0,0,0,0,0,0,0,0,0,0,0,0,0,0,0,0,0,0,0,0,0,0,0,0,0,0,0,0,0,0,0,0,0,0,0,0,0,0,0,0,0,0,0,0,0,0
assets/001.ak47/001_0104.jpg,ak47,6401,7344,74366,0,0,0,0,0,0,0,8,104,0,0,0,0,0,0,0,34,754,0,0,0,0,0,0,6,636,1525,1,0,0,0,0,0,0,176,6729,0,0,0,0,0,0,6,1393,13912,0,0,0,0,0,0,0,24,55,0,0,0,0,0,0,0,0,286,0,0,0,0,0,0,0,0,0,0,0,0,0,0
assets/001.ak47/001_0259.jpg,ak47,122252,181381,3567,0,0,0,0,0,0,0,0,0,0,0,0,0,0,0,0,0,0,0,0,0,0,0,0,0,0,0,0,0,0,0,0,0,0,0,0,0,0,0,0,0,0,0,0,0,0,0,0,0,0,0,0,0,0,0,0,0,0,0,0,0,0,0,0,0,0,0,0,0,0,0,0,0,0,0,0,0
assets/001.ak47/001_0073.jpg,ak47,49,690,52,21,513,344,3,297,345,11,128,18,9,89,500,11,56,200,8,212,40,1,11,1,4,0,0,19,154,16,2,0,0,5,0,0,2,114,0,0,4,0,0,0,0,367,49498,388,502,43,15,1287,0,0,33,357,4,0,0,0,0,0,0,9,255,12,1,0,0,0,0,0,0,0,0,0,0,0,0,0
assets/001.ak47/001_0272.jpg,ak47,9778,22460,93762,0,0,0,0,0,0,0,0,0,0,0,0,0,0,0,0,0,0,0,0,0,0,0,0,0,0,0,0,0,0,0,0,0,0,0,0,0,0,0,0,0,0,0,0,0,0,0,0,0,0,0,0,0,0,0,0,0,0,0,0,0,0,0,0,0,0,0,0,0,0,0,0,0,0,0,0,0
assets/001.ak47/001_0252.jpg,ak47,159891,62868,3841,0,0,0,0,0,0,0,0,0,0,0,0,0,0,0,0,0,0,0,0,0,0,0,0,0,0,0,0,0,0,0,0,0,0,0,0,0,0,0,0,0,0,0,0,0,0,0,0,0,0,0,0,0,0,0,0,0,0,0,0,0,0,0,0,0,0,0,0,0,0,0,0,0,0,0,0,0
assets/001.ak47/001_0049.jpg,ak47,428,1052,70813,766,4618,1395,532,2165,90,52,48,532,39,83,320,20,16,1,54,15,3771,7,0,0,8,0,0,59,20,1564,42,0,0,19,0,0,35,36,1749,65,0,0,47,0,0,5805,4233,5580,3729,80,0,765,0,0,286,43,172,122,1,0,12,0,0,111,77,1351,109,2,0,11,0,0,0,0,0,0,0,0,0,0
assets/001.ak47/001_0056.jpg,ak47,57,10,0,143,213,2,309,241,0,8,25,0,132,1168,24,253,3142,3,37,68,0,66,134,0,49,41,0,107,133,0,86,28,0,59,0,0,350,220,0,578,2644,0,152,0,0,2691,1665,0,3257,27020,0,760,2,0,39,0,0,34,0,0,12,0,0,10,0,0,19,0,0,9,0,0,0,0,0,0,0,0,0,0
assets/001.ak47/001_0121.jpg,ak47,66,1028,72370,16,148,11,32,19,0,15,73,675,71,2034,1959,67,280,0,2150,3402,4103,2096,329,23,172,0,0,1317,1150,1633,576,19,0,161,0,0,1,201,7237,4,0,0,0,0,0,3,1523,16421,0,0,0,1,0,0,0,32,140,0,0,0,0,0,0,0,0,410,0,0,0,0,0,0,0,0,0,0,0,0,0,0
assets/001.ak47/001_0079.jpg,ak47,59,661,32757,2,782,2,0,0,0,2,220,536,1,905,208,0,0,0,3,379,952,0,5,0,0,0,0,17,564,670,0,0,0,0,0,0,13,431,1098,0,0,0,0,0,0,178,2265,529,1,4,0,0,0,0,2,21,7,0,0,0,0,0,0,2,5,147,0,0,0,0,0,0,0,0,0,0,0,0,0,0
assets/001.ak47/001_0273.jpg,ak47,8083,30720,4397,0,0,0,0,0,0,0,0,0,0,0,0,0,0,0,0,0,0,0,0,0,0,0,0,0,0,0,0,0,0,0,0,0,0,0,0,0,0,0,0,0,0,0,0,0,0,0,0,0,0,0,0,0,0,0,0,0,0,0,0,0,0,0,0,0,0,0,0,0,0,0,0,0,0,0,0,0
assets/001.ak47/001_0168.jpg,ak47,142,12119,12945,50,831,45,8,0,0,18,279,46,4,0,0,0,0,0,20,827,208,2,0,0,0,0,0,282,1851,533,12,0,0,10,0,0,201,465,3330,16,4,0,2,0,0,3276,10761,8215,535,25,0,221,0,0,22,200,26,6,0,0,0,0,0,8,32,20,0,0,0,0,0,0,0,0,0,0,0,0,0,0
assets/001.ak47/001_0077.jpg,ak47,161,1990,20996,487,102,6,282,0,0,103,1658,2268,206,550,1,17,9,0,222,2262,891,48,4,0,6,0,0,342,702,165,59,0,0,3,0,0,463,305,227,407,3,0,3,0,0,409,2344,20697,343,0,0,16,0,0,17,267,2792,1,0,0,2,0,0,1,149,4612,0,0,0,2,0,0,0,0,0,0,0,0,0,0
assets/001.ak47/001_0008.jpg,ak47,2899,3203,1191,1210,5833,52,8,279,1,4874,8945,2390,2361,77005,779,58,25,0,9700,21313,4548,12745,51032,150,694,1038,0,9325,8626,15876,14516,18233,5,672,492,0,2616,6496,2354,582,293,0,0,0,0,2880,22648,554,368,782,0,0,0,0,274,82,20,4,0,0,0,0,0,130,82,8,5,0,0,0,0,0,0,0,0,0,0,0,0,0
assets/001.ak47/001_0057.jpg,ak47,1813,16745,2605,6466,13265,92,798,771,45,1767,18128,2645,10862,78675,1532,738,6269,225,245,208,145,407,194,17,22,0,0,5,8,7,0,0,0,0,0,0,0,0,4,0,0,0,0,0,0,31,4,8,7,0,0,10,0,0,11,13,5,9,0,0,2,0,0,33,80,57,23,2,0,2,0,0,0,0,0,0,0,0,0,0
assets/001.ak47/001_0189.jpg,ak47,104917,296371,78712,0,0,0,0,0,0,0,0,0,0,0,0,0,0,0,0,0,0,0,0,0,0,0,0,0,0,0,0,0,0,0,0,0,0,0,0,0,0,0,0,0,0,0,0,0,0,0,0,0,0,0,0,0,0,0,0,0,0,0,0,0,0,0,0,0,0,0,0,0,0,0,0,0,0,0,0,0
assets/001.ak47/001_0091.jpg,ak47,41017,3373,3161,5000,2189,4,4901,479,0,4962,3841,2955,4952,8431,48,3964,3950,0,7058,21196,19731,4945,1770,19,1083,0,0,1611,15184,5239,207,0,0,235,0,0,164,7060,3343,115,0,0,68,0,0,7500,19572,5747,1807,17,0,1097,0,0,642,419,150,148,0,0,46,0,0,162,134,403,74,0,0,27,0,0,0,0,0,0,0,0,0,0
assets/001.ak47/001_0097.jpg,ak47,168,236,199,172,415,4,75,44,0,115,1485,3904,532,3346,142,134,12,0,416,3507,731,2798,19714,18,661,23,0,261,1090,60,177,654,1,72,3,0,61,336,43,20,6,0,2,0,0,121,520,618,27,132,83,2,0,0,12,25,0,0,0,0,0,0,0,3,20,0,0,0,0,0,0,0,0,0,0,0,0,0,0,0
assets/001.ak47/001_0265.jpg,ak47,17296,13352,186542,0,0,0,0,0,0,0,0,0,0,0,0,0,0,0,0,0,0,0,0,0,0,0,0,0,0,0,0,0,0,0,0,0,0,0,0,0,0,0,0,0,0,0,0,0,0,0,0,0,0,0,0,0,0,0,0,0,0,0,0,0,0,0,0,0,0,0,0,0,0,0,0,0,0,0,0,0
assets/001.ak47/001_0260.jpg,ak47,63789,7206,195,0,0,0,0,0,0,0,0,0,0,0,0,0,0,0,0,0,0,0,0,0,0,0,0,0,0,0,0,0,0,0,0,0,0,0,0,0,0,0,0,0,0,0,0,0,0,0,0,0,0,0,0,0,0,0,0,0,0,0,0,0,0,0,0,0,0,0,0,0,0,0,0,0,0,0,0,0
assets/001.ak47/001_0247.jpg,ak47,48098,221801,101,0,0,0,0,0,0,0,0,0,0,0,0,0,0,0,0,0,0,0,0,0,0,0,0,0,0,0,0,0,0,0,0,0,0,0,0,0,0,0,0,0,0,0,0,0,0,0,0,0,0,0,0,0,0,0,0,0,0,0,0,0,0,0,0,0,0,0,0,0,0,0,0,0,0,0,0,0
assets/001.ak47/001_0211.jpg,ak47,11592,2928,41480,0,0,0,0,0,0,0,0,0,0,0,0,0,0,0,0,0,0,0,0,0,0,0,0,0,0,0,0,0,0,0,0,0,0,0,0,0,0,0,0,0,0,0,0,0,0,0,0,0,0,0,0,0,0,0,0,0,0,0,0,0,0,0,0,0,0,0,0,0,0,0,0,0,0,0,0,0
assets/001.ak47/001_0186.jpg,ak47,33407,25460,69551,18749,14093,363,8313,9910,0,12509,3156,470,17462,93297,6,10922,8721,0,5864,3168,1175,4339,4257,0,1187,1,0,2452,1277,1865,422,3,0,135,0,0,493,512,11810,56,0,0,11,0,0,10915,10828,30876,893,32,0,32,0,0,4314,2329,270,405,12,0,14,0,0,2522,1602,320,461,5,0,10,0,0,0,0,0,0,0,0,0,0
assets/001.ak47/001_0048.jpg,ak47,105,319,78,165,254,20,84,28,0,67,734,24,957,6024,900,1996,10752,52,444,4480,160,3186,75168,70,5399,31484,0,352,922,41,179,13,0,6,0,0,72,352,231,33,13,0,0,0,0,609,2893,722,231,188,28,1,1,0,12,50,0,5,0,0,2,0,0,16,58,19,0,1,0,0,0,0,0,0,0,0,0,0,0,0
assets/001.ak47/001_0094.jpg,ak47,2,3,73,11,1,0,524,0,0,7,28,921,93,1007,377,304,1471,0,380,373,12927,978,1901,29790,574,358,0,427,85,1,1149,10,0,213,0,0,5,0,0,7,0,0,0,0,0,0,0,0,0,0,0,0,0,0,0,0,0,0,0,0,0,0,0,0,0,0,0,0,0,0,0,0,0,0,0,0,0,0,0,0
assets/001.ak47/001_0179.jpg,ak47,40093,4769,40783,5117,2115,0,4741,363,0,4951,3780,3208,4890,8420,28,3787,3755,0,7233,20611,19389,5082,1808,19,1020,0,0,1519,15432,6432,235,0,0,228,0,0,170,6903,13079,81,0,0,31,0,0,7049,20842,30735,1966,1,0,889,0,0,993,512,252,234,0,0,59,0,0,201,117,195,102,0,0,33,0,0,0,0,0,0,0,0,0,0
assets/001.ak47/001_0005.jpg,ak47,3606,304,0,5027,0,0,1453,0,0,3648,963,0,7931,132,0,2067,0,0,18710,9502,11,9052,172,0,253,0,0,2505,4914,6,776,0,0,0,0,0,36,140,0,16,0,0,0,0,0,736,48,0,525,0,0,175,0,0,433,54,0,797,0,0,75,0,0,62,48,0,1772,0,0,51,0,0,0,0,0,0,0,0,0,0
assets/001.ak47/001_0187.jpg,ak47,6668,33569,1343,0,0,0,0,0,0,0,0,0,0,0,0,0,0,0,0,0,0,0,0,0,0,0,0,0,0,0,0,0,0,0,0,0,0,0,0,0,0,0,0,0,0,0,0,0,0,0,0,0,0,0,0,0,0,0,0,0,0,0,0,0,0,0,0,0,0,0,0,0,0,0,0,0,0,0,0,0
assets/001.ak47/001_0012.jpg,ak47,248,5481,88291,468,2809,150,5,0,0,5,809,588,1,210,7,0,0,0,77,3675,2646,4,75,0,0,0,0,76,5615,3006,5,21,0,0,0,0,43,4074,2772,13,409,0,0,0,0,1530,13162,19783,3690,4459,0,69,0,0,87,671,355,75,87,0,1,0,0,153,647,545,81,28,0,2,0,0,0,0,0,0,0,0,0,0
assets/001.ak47/001_0204.jpg,ak47,15274,56265,235661,0,0,0,0,0,0,0,0,0,0,0,0,0,0,0,0,0,0,0,0,0,0,0,0,0,0,0,0,0,0,0,0,0,0,0,0,0,0,0,0,0,0,0,0,0,0,0,0,0,0,0,0,0,0,0,0,0,0,0,0,0,0,0,0,0,0,0,0,0,0,0,0,0,0,0,0,0
assets/001.ak47/001_0059.jpg,ak47,2659,47549,49417,3927,0,0,149,0,0,151,221,97,790,1,0,15,0,0,50,237,199,48,0,0,1,0,0,185,598,236,56,0,0,47,0,0,87,114,219,144,0,0,13,0,0,2479,3083,460,5296,856,0,519,0,0,20,4,0,13,0,0,16,0,0,20,0,13,7,0,0,4,0,0,0,0,0,0,0,0,0,0
